Num_Acc;senc;catv;occutc;obs;obsm;choc;manv;num_veh
201400014431;0;1;0;0.0;2.0;0.0;1.0;A01
201400014477;0;1;0;1.0;0.0;3.0;1.0;A01
201400014517;0;1;0;0.0;2.0;4.0;19.0;B01
201400014567;0;1;0;0.0;2.0;0.0;0.0;B01
201400014607;0;1;0;0.0;2.0;1.0;1.0;A01
201400014653;0;1;0;0.0;2.0;4.0;14.0;B01
201400014666;0;1;0;0.0;2.0;4.0;15.0;B01
201400014724;0;1;0;0.0;2.0;1.0;1.0;B01
201400014745;0;1;0;0.0;2.0;6.0;15.0;B01
201400014758;0;1;0;0.0;2.0;1.0;1.0;A01
201400014792;0;1;0;0.0;2.0;7.0;19.0;A01
201400014803;0;1;0;0.0;2.0;7.0;1.0;B01
201400014805;0;1;0;1.0;0.0;1.0;1.0;B01
201400014821;0;1;0;0.0;1.0;1.0;16.0;A01
201400014831;0;1;0;0.0;2.0;1.0;11.0;A01
201400014964;0;1;0;0.0;1.0;1.0;5.0;A01
201400015097;0;1;0;0.0;2.0;8.0;1.0;B01
201400015182;0;1;0;0.0;2.0;7.0;0.0;B01
201400015200;0;1;0;0.0;2.0;6.0;19.0;A01
201400015202;0;1;0;0.0;2.0;4.0;2.0;B01
201400015313;0;1;0;0.0;2.0;1.0;1.0;B01
201400015321;0;1;0;0.0;2.0;4.0;1.0;A01
201400015349;0;1;0;0.0;2.0;0.0;0.0;B01
201400015396;0;1;0;0.0;2.0;1.0;1.0;B01
201400015430;0;1;0;0.0;2.0;4.0;1.0;B01
201400015431;0;1;0;0.0;0.0;1.0;1.0;A01
201400015449;0;1;0;0.0;9.0;1.0;21.0;A01
201400015509;0;1;0;0.0;2.0;1.0;1.0;B01
201400015515;0;1;0;0.0;2.0;8.0;13.0;A01
201400015608;0;1;0;0.0;2.0;1.0;9.0;B01
201400015627;0;1;0;0.0;2.0;2.0;1.0;B01
201400015668;0;1;0;0.0;2.0;0.0;1.0;B01
201400015676;0;1;0;0.0;1.0;4.0;1.0;A01
201400015690;0;1;0;0.0;1.0;2.0;1.0;A01
201400015691;0;1;0;0.0;1.0;2.0;1.0;A01
201400015701;0;1;0;0.0;2.0;0.0;2.0;B01
201400015701;0;1;0;0.0;2.0;1.0;2.0;C01
201400015701;0;1;0;0.0;2.0;1.0;2.0;A01
201400015712;0;1;0;0.0;2.0;8.0;1.0;B01
201400015721;0;1;0;0.0;2.0;4.0;1.0;B01
201400015728;0;1;0;0.0;2.0;1.0;1.0;A01
201400015793;0;1;0;0.0;2.0;1.0;1.0;A01
201400015870;0;1;0;0.0;1.0;1.0;1.0;A01
201400015949;1;1;0;0.0;1.0;0.0;1.0;Z01
201400015955;0;1;0;0.0;2.0;7.0;2.0;B01
201400015964;0;1;0;0.0;2.0;8.0;19.0;A01
201400016080;0;1;0;0.0;2.0;7.0;19.0;B01
201400016135;0;1;0;0.0;2.0;0.0;0.0;A01
201400016177;0;1;0;0.0;2.0;1.0;19.0;A01
201400016182;0;1;0;0.0;2.0;0.0;1.0;B01
201400016321;0;1;0;0.0;2.0;3.0;10.0;B01
201400016325;0;1;0;0.0;2.0;8.0;1.0;B01
201400016367;0;1;0;0.0;0.0;0.0;1.0;A01
201400016404;0;1;0;0.0;2.0;1.0;1.0;Y01
201400016409;0;1;0;0.0;0.0;0.0;0.0;Y01
201400016504;0;1;0;0.0;2.0;1.0;1.0;A01
201400016514;0;1;0;1.0;0.0;1.0;1.0;A01
201400016598;0;1;0;0.0;2.0;1.0;1.0;B01
201400016599;0;1;0;0.0;2.0;0.0;2.0;B01
201400016617;0;1;0;0.0;2.0;8.0;0.0;B01
201400016761;0;1;0;0.0;0.0;8.0;19.0;A01
201400016768;0;1;0;0.0;0.0;0.0;1.0;A01
201400016809;0;1;0;0.0;2.0;1.0;1.0;B01
201400016810;0;1;0;0.0;1.0;3.0;21.0;A01
201400016811;0;1;0;0.0;2.0;8.0;19.0;A01
201400016817;0;1;0;0.0;2.0;1.0;1.0;B01
201400016836;0;1;0;0.0;2.0;8.0;1.0;A01
201400016838;0;1;0;0.0;2.0;1.0;5.0;A01
201400016839;0;1;0;0.0;2.0;1.0;9.0;B01
201400016847;0;1;0;0.0;0.0;0.0;1.0;A01
201400016848;0;1;0;0.0;2.0;1.0;15.0;B01
201400016850;0;1;0;0.0;2.0;1.0;19.0;A01
201400016853;0;1;0;0.0;1.0;9.0;23.0;B01
201400016858;0;1;0;0.0;2.0;8.0;1.0;B01
201400016870;0;1;0;0.0;2.0;1.0;1.0;A01
201400016886;0;1;0;0.0;2.0;8.0;5.0;B01
201400016889;0;1;0;0.0;2.0;4.0;1.0;B01
201400016892;0;1;0;0.0;2.0;8.0;1.0;A01
201400016895;0;1;0;0.0;2.0;7.0;1.0;B01
201400016896;0;1;0;0.0;2.0;3.0;19.0;B01
201400016905;0;1;0;0.0;2.0;1.0;1.0;A01
201400016919;0;1;0;0.0;2.0;1.0;16.0;A01
201400016942;0;1;0;0.0;0.0;4.0;1.0;B02
201400016952;0;1;0;0.0;2.0;1.0;1.0;A01
201400016969;0;1;0;0.0;0.0;4.0;1.0;B02
201400016985;0;1;0;0.0;2.0;1.0;9.0;A01
201400016987;0;1;0;0.0;2.0;6.0;1.0;A01
201400016994;0;1;0;0.0;2.0;1.0;9.0;A01
201400017011;0;1;0;0.0;0.0;0.0;1.0;A01
201400017023;0;1;0;8.0;2.0;8.0;1.0;A01
201400017042;0;1;0;0.0;0.0;0.0;0.0;B02
201400017046;0;1;0;0.0;0.0;5.0;19.0;A01
201400017055;0;1;0;0.0;2.0;1.0;1.0;B01
201400017094;0;1;0;0.0;2.0;1.0;16.0;B02
201400017102;0;1;0;0.0;2.0;1.0;5.0;A01
201400017152;0;1;0;0.0;2.0;1.0;1.0;A01
201400017166;0;1;0;0.0;2.0;8.0;15.0;B02
201400017170;0;1;0;0.0;2.0;1.0;19.0;B02
201400017178;0;1;0;0.0;2.0;8.0;19.0;B02
201400017189;0;1;0;0.0;2.0;6.0;2.0;B02
201400017245;0;1;0;0.0;2.0;1.0;1.0;B02
201400017245;0;1;0;0.0;2.0;1.0;1.0;C03
201400017271;0;1;0;0.0;0.0;4.0;16.0;A01
201400017272;0;1;0;0.0;2.0;1.0;1.0;A01
201400017282;0;1;0;0.0;2.0;1.0;1.0;B02
201400017299;0;1;0;0.0;0.0;0.0;2.0;A01
201400017313;0;1;0;0.0;2.0;4.0;2.0;B02
201400017313;0;1;0;0.0;2.0;4.0;2.0;C03
201400017317;0;1;0;0.0;2.0;4.0;15.0;B02
201400017319;0;1;0;6.0;0.0;1.0;1.0;A01
201400017365;0;1;0;0.0;2.0;1.0;1.0;B02
201400017378;0;1;0;0.0;2.0;7.0;1.0;B01
201400017418;0;1;0;0.0;2.0;4.0;2.0;B02
201400017433;0;1;0;0.0;1.0;1.0;1.0;A01
201400017474;0;1;0;0.0;2.0;4.0;9.0;A01
201400017482;0;1;0;4.0;0.0;7.0;1.0;A01
201400017491;0;1;0;0.0;2.0;4.0;1.0;B02
201400017500;0;1;0;0.0;2.0;1.0;5.0;B02
201400017572;0;1;0;0.0;2.0;2.0;1.0;B02
201400017586;0;1;0;0.0;0.0;0.0;0.0;B02
201400017587;0;1;0;0.0;2.0;0.0;21.0;A01
201400017608;0;1;0;0.0;2.0;8.0;1.0;B02
201400017645;0;1;0;0.0;4.0;7.0;1.0;B02
201400017648;0;1;0;0.0;0.0;8.0;19.0;B02
201400017666;0;1;0;0.0;2.0;1.0;19.0;A01
201400017680;0;1;0;0.0;0.0;9.0;21.0;A01
201400017693;0;1;0;0.0;2.0;7.0;1.0;A01
201400017697;0;1;0;0.0;2.0;1.0;0.0;B02
201400017703;0;1;0;0.0;0.0;0.0;1.0;A01
201400017704;0;1;0;0.0;2.0;1.0;1.0;A01
201400017707;0;1;0;0.0;2.0;7.0;1.0;A01
201400017708;0;1;0;0.0;1.0;1.0;1.0;A01
201400017712;0;1;0;0.0;5.0;1.0;1.0;A01
201400017722;0;1;0;0.0;2.0;1.0;2.0;B01
201400017727;0;1;0;13.0;0.0;1.0;14.0;A01
201400017747;0;1;0;0.0;2.0;4.0;1.0;B02
201400017751;0;1;0;0.0;2.0;8.0;21.0;B02
201400017779;0;1;0;0.0;2.0;1.0;1.0;B02
201400017803;0;1;0;0.0;0.0;7.0;16.0;A01
201400017834;0;1;0;0.0;0.0;1.0;1.0;A01
201400017844;0;1;0;0.0;2.0;1.0;19.0;B01
201400017868;0;1;0;0.0;1.0;1.0;1.0;A01
201400017889;0;1;0;0.0;0.0;4.0;1.0;B02
201400017893;0;1;0;0.0;2.0;1.0;13.0;B02
201400017907;0;1;0;0.0;2.0;4.0;15.0;B02
201400017930;0;1;0;0.0;2.0;3.0;1.0;B02
201400017934;0;1;0;0.0;2.0;8.0;1.0;B02
201400017937;0;1;0;0.0;2.0;1.0;1.0;A01
201400017962;0;1;0;0.0;2.0;3.0;1.0;B02
201400017965;0;1;0;0.0;2.0;1.0;15.0;B02
201400018044;0;1;0;0.0;2.0;8.0;19.0;A01
201400018045;0;1;0;0.0;2.0;0.0;1.0;B02
201400018063;0;1;0;0.0;2.0;4.0;2.0;B02
201400018076;0;1;0;6.0;0.0;1.0;1.0;A01
201400018090;0;1;0;0.0;2.0;7.0;1.0;B02
201400018116;0;1;0;0.0;0.0;4.0;1.0;C03
201400018116;0;1;0;0.0;2.0;4.0;1.0;B02
201400018134;0;1;0;0.0;2.0;6.0;17.0;B02
201400018137;0;1;0;0.0;2.0;7.0;1.0;B02
201400018141;0;1;0;0.0;2.0;1.0;1.0;B02
201400018144;0;1;0;0.0;2.0;7.0;1.0;A01
201400018195;0;1;0;0.0;0.0;6.0;2.0;A01
201400018206;0;1;0;0.0;2.0;4.0;1.0;B02
201400018218;0;1;0;0.0;0.0;7.0;1.0;B02
201400018241;0;1;0;0.0;1.0;1.0;1.0;A01
201400018256;0;1;0;0.0;2.0;2.0;1.0;B02
201400018268;0;1;0;0.0;2.0;1.0;15.0;B02
201400018272;0;1;0;12.0;0.0;1.0;1.0;A01
201400018279;0;1;0;0.0;2.0;8.0;0.0;B02
201400018296;0;1;0;0.0;9.0;1.0;1.0;A01
201400018297;0;1;0;0.0;2.0;1.0;1.0;B02
201400018306;0;1;0;0.0;0.0;0.0;0.0;A01
201400018355;0;1;0;0.0;2.0;1.0;1.0;B02
201400018356;0;1;0;0.0;0.0;1.0;15.0;A01
201400018360;0;1;0;0.0;0.0;0.0;1.0;A01
201400018376;0;1;0;0.0;0.0;4.0;1.0;B02
201400018414;0;1;0;0.0;0.0;0.0;0.0;A01
201400018421;0;1;0;0.0;2.0;2.0;1.0;A01
201400018430;0;1;0;0.0;1.0;1.0;17.0;A01
201400018432;0;1;0;0.0;2.0;8.0;17.0;B02
201400018433;0;1;0;0.0;2.0;1.0;5.0;A01
201400018454;0;1;0;14.0;0.0;9.0;1.0;A01
201400018466;0;1;0;0.0;0.0;0.0;1.0;A01
201400018474;0;1;0;0.0;2.0;4.0;2.0;B02
201400018521;0;1;0;0.0;0.0;4.0;0.0;B02
201400018554;0;1;0;0.0;5.0;1.0;1.0;A01
201400018557;0;1;0;0.0;2.0;8.0;1.0;B02
201400018595;0;1;0;0.0;2.0;1.0;9.0;A01
201400018618;0;1;0;0.0;2.0;4.0;1.0;B02
201400018625;0;1;0;0.0;2.0;4.0;0.0;B02
201400018633;0;1;0;0.0;2.0;4.0;1.0;B02
201400018662;0;1;0;0.0;2.0;1.0;2.0;A01
201400018667;0;1;0;0.0;0.0;0.0;0.0;A01
201400018702;0;1;0;14.0;2.0;5.0;0.0;B02
201400018707;0;1;0;0.0;2.0;1.0;0.0;A01
201400018717;0;1;0;0.0;2.0;8.0;9.0;B02
201400018724;0;1;0;0.0;2.0;1.0;15.0;A01
201400018728;0;1;0;0.0;0.0;0.0;0.0;A01
201400018816;0;1;0;0.0;2.0;1.0;1.0;B02
201400018829;0;1;0;0.0;2.0;8.0;19.0;B02
201400018834;0;1;0;0.0;2.0;7.0;1.0;B02
201400018853;0;1;0;0.0;2.0;7.0;21.0;A01
201400018871;0;1;0;0.0;1.0;1.0;1.0;A01
201400018886;0;1;0;0.0;2.0;8.0;15.0;B02
201400018898;0;1;0;0.0;2.0;0.0;21.0;B02
201400018902;0;1;0;0.0;2.0;6.0;1.0;B02
201400018904;0;1;0;0.0;0.0;6.0;1.0;A01
201400018920;0;1;0;0.0;2.0;8.0;1.0;B02
201400018929;0;1;0;0.0;2.0;1.0;1.0;B02
201400018935;0;1;0;0.0;2.0;1.0;1.0;A01
201400018957;0;1;0;0.0;2.0;1.0;5.0;B02
201400018964;0;1;0;0.0;2.0;8.0;1.0;B02
201400019024;0;1;0;0.0;2.0;1.0;19.0;A01
201400019101;0;1;0;0.0;9.0;1.0;1.0;A01
201400019167;0;1;0;0.0;2.0;1.0;1.0;B02
201400019222;0;1;0;0.0;2.0;1.0;1.0;B02
201400019250;0;1;0;0.0;1.0;1.0;1.0;A01
201400019257;0;1;0;0.0;2.0;4.0;2.0;B02
201400019275;0;1;0;0.0;2.0;1.0;1.0;B02
201400019283;0;1;0;0.0;2.0;4.0;1.0;B02
201400019299;0;1;0;0.0;2.0;7.0;1.0;B02
201400019310;0;1;0;0.0;2.0;7.0;1.0;B02
201400019318;0;1;0;0.0;2.0;1.0;1.0;B02
201400019324;0;1;0;0.0;2.0;4.0;13.0;A01
201400019331;0;1;0;13.0;0.0;1.0;1.0;A01
201400019340;0;1;0;0.0;0.0;4.0;1.0;A01
201400019371;0;1;0;0.0;2.0;4.0;2.0;B02
201400019394;0;1;0;0.0;2.0;1.0;1.0;B02
201400019408;0;1;0;0.0;2.0;2.0;1.0;B02
201400019412;0;1;0;0.0;2.0;8.0;19.0;B02
201400019418;0;1;0;0.0;2.0;1.0;5.0;A01
201400019423;0;1;0;0.0;2.0;1.0;1.0;B02
201400019468;0;1;0;0.0;2.0;1.0;6.0;B02
201400019470;0;1;0;0.0;0.0;4.0;2.0;B02
201400019542;0;1;0;0.0;2.0;1.0;1.0;B01
201400019570;0;1;0;0.0;2.0;1.0;2.0;B01
201400019595;0;1;0;0.0;1.0;1.0;1.0;A01
201400019608;0;1;0;0.0;2.0;7.0;0.0;B02
201400019617;0;1;0;1.0;0.0;1.0;1.0;B01
201400019627;0;1;0;0.0;2.0;7.0;1.0;B01
201400019646;0;1;0;0.0;2.0;8.0;18.0;B01
201400019656;0;1;0;0.0;0.0;7.0;1.0;A01
201400019657;0;1;0;0.0;2.0;8.0;1.0;B01
201400019670;0;1;0;0.0;2.0;1.0;17.0;A01
201400019673;0;1;0;0.0;2.0;8.0;1.0;B01
201400019701;0;1;0;0.0;2.0;1.0;0.0;A01
201400019704;0;1;0;1.0;0.0;0.0;1.0;A01
201400019727;0;1;0;0.0;0.0;0.0;0.0;B01
201400019739;0;1;0;0.0;0.0;0.0;0.0;B01
201400019745;0;1;0;0.0;0.0;0.0;0.0;A01
201400019750;0;1;0;0.0;0.0;0.0;0.0;C01
201400019752;0;1;0;0.0;2.0;4.0;1.0;C01
201400019752;0;1;0;0.0;2.0;4.0;1.0;B01
201400019754;0;1;0;0.0;2.0;3.0;0.0;A01
201400019756;0;1;0;0.0;2.0;1.0;2.0;P01
201400019761;0;1;0;0.0;2.0;3.0;1.0;A01
201400019764;0;1;0;0.0;2.0;3.0;1.0;A01
201400019766;0;1;0;1.0;0.0;1.0;1.0;A01
201400019767;0;1;0;0.0;2.0;1.0;19.0;B01
201400019769;0;1;0;0.0;2.0;8.0;19.0;B01
201400019790;0;1;0;0.0;0.0;7.0;2.0;B01
201400019792;0;1;0;0.0;2.0;2.0;1.0;B01
201400019793;0;1;0;0.0;2.0;4.0;1.0;B01
201400019799;0;1;0;0.0;0.0;0.0;0.0;B01
201400019803;0;1;0;0.0;2.0;4.0;1.0;B01
201400019806;0;1;0;0.0;0.0;8.0;1.0;P01
201400019813;0;1;0;0.0;2.0;4.0;1.0;B01
201400019814;0;1;0;0.0;2.0;1.0;2.0;B01
201400019824;0;1;0;1.0;0.0;1.0;2.0;B01
201400019825;0;1;0;0.0;2.0;7.0;1.0;B01
201400019846;0;1;0;0.0;2.0;6.0;0.0;B01
201400019859;0;1;0;0.0;2.0;4.0;1.0;B01
201400019887;0;1;0;0.0;2.0;1.0;9.0;A01
201400019888;0;1;0;0.0;2.0;8.0;1.0;B01
201400019897;0;1;0;0.0;2.0;8.0;1.0;B01
201400019908;0;1;0;0.0;2.0;1.0;1.0;A01
201400019952;0;1;0;0.0;2.0;1.0;1.0;B01
201400019953;0;1;0;0.0;2.0;2.0;13.0;B01
201400019954;0;1;0;0.0;2.0;8.0;1.0;B01
201400019964;0;1;0;0.0;0.0;0.0;0.0;B01
201400020023;0;1;0;0.0;2.0;8.0;1.0;B02
201400020044;0;1;0;0.0;2.0;1.0;19.0;B02
201400020048;0;1;0;0.0;2.0;3.0;1.0;B02
201400020093;0;1;0;1.0;0.0;1.0;0.0;A01
201400020107;0;1;0;0.0;2.0;1.0;1.0;B02
201400020180;0;1;0;0.0;2.0;8.0;13.0;B01
201400020248;0;1;0;8.0;2.0;7.0;19.0;A01
201400020289;0;1;0;0.0;0.0;1.0;1.0;A01
201400020402;0;1;0;0.0;2.0;1.0;1.0;A01
201400020437;0;1;0;0.0;2.0;8.0;2.0;B01
201400020452;0;1;0;0.0;2.0;1.0;1.0;C03
201400020458;0;1;0;0.0;2.0;0.0;1.0;B02
201400020468;0;1;0;0.0;2.0;7.0;1.0;A01
201400020486;0;1;0;0.0;2.0;8.0;1.0;B02
201400020503;0;1;0;0.0;2.0;6.0;2.0;B02
201400020505;0;1;0;1.0;2.0;1.0;14.0;A01
201400020519;0;1;0;0.0;2.0;1.0;2.0;A01
201400020539;0;1;0;0.0;2.0;1.0;9.0;A01
201400020562;0;1;0;0.0;2.0;1.0;1.0;B01
201400020579;0;1;0;0.0;2.0;7.0;1.0;B01
201400020591;0;1;0;0.0;2.0;4.0;2.0;B01
201400020653;0;1;0;0.0;5.0;1.0;1.0;A01
201400020657;0;1;0;0.0;2.0;1.0;1.0;D01
201400020671;0;1;0;0.0;2.0;7.0;15.0;A01
201400020674;0;1;0;0.0;9.0;8.0;2.0;B01
201400020678;0;1;0;0.0;2.0;8.0;15.0;B02
201400020688;0;1;0;0.0;2.0;0.0;21.0;B01
201400020691;0;1;0;0.0;2.0;1.0;19.0;B01
201400020696;0;1;0;0.0;2.0;1.0;5.0;A01
201400020714;0;1;0;0.0;2.0;4.0;15.0;B01
201400020734;0;1;0;0.0;2.0;1.0;1.0;A01
201400020734;0;1;0;0.0;2.0;4.0;16.0;B01
201400020736;0;1;0;1.0;0.0;1.0;1.0;B01
201400020766;0;1;0;0.0;2.0;8.0;1.0;B01
201400020768;0;1;0;0.0;2.0;1.0;1.0;B01
201400020773;0;1;0;0.0;2.0;6.0;1.0;B01
201400020812;0;1;0;0.0;0.0;7.0;2.0;A01
201400020832;0;1;0;0.0;2.0;7.0;1.0;B01
201400020855;0;1;0;0.0;2.0;4.0;15.0;B01
201400020860;0;1;0;0.0;2.0;8.0;16.0;B01
201400020864;0;1;0;0.0;2.0;1.0;1.0;B01
201400020887;0;1;0;8.0;0.0;1.0;1.0;A01
201400020901;0;1;0;0.0;2.0;7.0;1.0;B01
201400020907;0;1;0;0.0;2.0;1.0;0.0;B01
201400020911;0;1;0;0.0;2.0;8.0;1.0;B01
201400020922;0;1;0;14.0;0.0;1.0;0.0;A01
201400020934;0;1;0;0.0;2.0;1.0;1.0;Y01
201400020944;0;1;0;0.0;2.0;0.0;1.0;B01
201400020945;0;1;0;1.0;0.0;1.0;1.0;B01
201400020949;0;1;0;0.0;0.0;7.0;1.0;A01
201400020964;0;1;0;0.0;1.0;1.0;1.0;A01
201400020966;0;1;0;0.0;2.0;8.0;1.0;B01
201400020982;0;1;0;0.0;0.0;0.0;1.0;A01
201400020984;0;1;0;0.0;2.0;0.0;1.0;A01
201400020996;0;1;0;11.0;0.0;8.0;1.0;A01
201400021010;0;1;0;0.0;2.0;4.0;1.0;B01
201400021023;0;1;0;1.0;0.0;0.0;13.0;A01
201400021048;0;1;0;0.0;2.0;1.0;2.0;A01
201400021051;0;1;0;0.0;2.0;1.0;1.0;B01
201400021074;0;1;0;0.0;2.0;1.0;1.0;B01
201400021079;0;1;0;0.0;2.0;0.0;1.0;B01
201400021090;0;1;0;0.0;2.0;0.0;9.0;B01
201400021102;0;1;0;0.0;2.0;1.0;1.0;B01
201400021107;0;1;0;0.0;2.0;0.0;1.0;B01
201400021109;0;1;0;0.0;2.0;1.0;1.0;B01
201400021122;0;1;0;0.0;2.0;0.0;9.0;B01
201400021123;0;1;0;0.0;2.0;1.0;0.0;B01
201400021123;0;1;0;0.0;2.0;0.0;0.0;C01
201400021124;0;1;0;0.0;2.0;0.0;1.0;B01
201400021125;0;1;0;0.0;0.0;0.0;0.0;A01
201400021148;0;1;0;0.0;2.0;0.0;2.0;B01
201400021149;0;1;0;0.0;2.0;7.0;0.0;A01
201400021159;0;1;0;0.0;2.0;1.0;16.0;B01
201400021162;0;1;0;0.0;2.0;0.0;1.0;B01
201400021167;0;1;0;0.0;2.0;8.0;1.0;B01
201400021170;0;1;0;0.0;1.0;0.0;1.0;A01
201400021176;0;1;0;0.0;2.0;1.0;1.0;B01
201400021182;0;1;0;0.0;2.0;0.0;19.0;B01
201400021188;0;1;0;0.0;2.0;7.0;0.0;B01
201400021206;0;1;0;0.0;2.0;1.0;2.0;A01
201400021220;0;1;0;0.0;2.0;7.0;9.0;A01
201400021221;0;1;0;0.0;2.0;1.0;1.0;B01
201400021250;0;1;0;0.0;2.0;1.0;19.0;A01
201400021252;0;1;0;0.0;2.0;1.0;6.0;B01
201400021263;0;1;0;0.0;0.0;7.0;1.0;B01
201400021273;0;1;0;0.0;2.0;0.0;2.0;A01
201400021282;0;1;0;0.0;1.0;1.0;18.0;A01
201400021283;0;1;0;0.0;0.0;1.0;2.0;A01
201400021286;0;1;0;16.0;0.0;1.0;5.0;A01
201400021289;0;1;0;0.0;2.0;1.0;9.0;A01
201400021293;0;1;0;0.0;2.0;1.0;0.0;B01
201400021322;0;1;0;0.0;0.0;8.0;19.0;B02
201400021366;0;1;0;0.0;2.0;8.0;1.0;B01
201400021370;0;1;0;0.0;2.0;1.0;15.0;B01
201400021371;0;1;0;0.0;2.0;7.0;1.0;B01
201400021373;0;1;0;0.0;0.0;7.0;1.0;B01
201400021374;0;1;0;0.0;2.0;7.0;1.0;B01
201400021378;0;1;0;0.0;2.0;2.0;1.0;B01
201400021380;0;1;0;0.0;2.0;1.0;1.0;B01
201400021387;0;1;0;0.0;2.0;2.0;15.0;B01
201400021404;0;1;0;0.0;2.0;3.0;19.0;A01
201400021408;0;1;0;1.0;2.0;0.0;1.0;B01
201400021413;0;1;0;0.0;2.0;7.0;19.0;A01
201400021418;0;1;0;0.0;2.0;1.0;0.0;B01
201400021426;0;1;0;0.0;2.0;1.0;0.0;B01
201400021427;0;1;0;0.0;2.0;1.0;13.0;A01
201400021430;0;1;0;0.0;2.0;2.0;1.0;B02
201400021437;0;1;0;0.0;2.0;4.0;1.0;B01
201400021447;0;1;0;0.0;2.0;8.0;0.0;B01
201400021451;0;1;0;0.0;2.0;7.0;1.0;B01
201400021452;0;1;0;0.0;2.0;7.0;1.0;B01
201400021467;0;1;0;0.0;2.0;7.0;19.0;A01
201400021473;0;1;0;0.0;2.0;2.0;1.0;B01
201400021477;0;1;0;0.0;0.0;8.0;2.0;B01
201400021481;0;1;0;0.0;2.0;2.0;19.0;B01
201400021487;0;1;0;0.0;2.0;0.0;0.0;B01
201400021491;0;1;0;0.0;1.0;0.0;0.0;A01
201400021505;0;1;0;0.0;9.0;0.0;2.0;C01
201400021518;0;1;0;0.0;2.0;8.0;19.0;A01
201400021520;0;1;0;0.0;2.0;1.0;0.0;B01
201400021521;0;1;0;0.0;0.0;4.0;15.0;B01
201400021526;0;1;0;0.0;0.0;0.0;0.0;A01
201400021537;0;1;0;0.0;2.0;4.0;1.0;B01
201400021553;0;1;0;0.0;0.0;3.0;15.0;B02
201400021563;0;1;0;1.0;0.0;1.0;14.0;A01
201400021564;0;1;0;0.0;2.0;4.0;11.0;B02
201400021569;0;1;0;0.0;2.0;1.0;1.0;A01
201400021627;0;1;0;0.0;0.0;7.0;1.0;B01
201400021659;0;1;0;0.0;0.0;0.0;1.0;A01
201400021660;0;1;0;0.0;2.0;8.0;2.0;B02
201400021671;0;1;0;0.0;2.0;1.0;1.0;B01
201400021674;0;1;0;0.0;2.0;1.0;16.0;B01
201400021679;0;1;0;0.0;2.0;7.0;1.0;B02
201400021680;0;1;0;0.0;0.0;4.0;0.0;B02
201400021721;0;1;0;0.0;0.0;1.0;1.0;B01
201400021727;0;1;0;0.0;4.0;7.0;1.0;B01
201400021741;0;1;0;0.0;2.0;7.0;21.0;B01
201400021744;0;1;0;0.0;2.0;1.0;1.0;B01
201400021746;0;1;0;0.0;2.0;2.0;1.0;B01
201400021760;0;1;0;0.0;2.0;1.0;1.0;B01
201400021767;0;1;0;0.0;0.0;0.0;0.0;A01
201400021774;0;1;0;0.0;2.0;1.0;1.0;B01
201400021778;0;1;0;0.0;2.0;3.0;0.0;A01
201400021796;0;1;0;0.0;0.0;0.0;0.0;B01
201400021800;0;1;0;0.0;2.0;2.0;19.0;B01
201400021820;0;1;0;0.0;0.0;0.0;0.0;B01