Num_Acc;senc;catv;occutc;obs;obsm;choc;manv;num_veh
201400029326;0;1;0;0.0;2.0;8.0;0.0;B01
201400029337;0;1;0;0.0;2.0;1.0;0.0;A01
201400029339;0;1;0;0.0;2.0;1.0;1.0;A01
201400029356;0;1;0;0.0;2.0;6.0;1.0;B01
201400029373;0;1;0;0.0;2.0;1.0;9.0;A01
201400029383;0;1;0;0.0;2.0;1.0;1.0;A01
201400029392;0;1;0;0.0;1.0;1.0;0.0;A01
201400029394;0;1;0;0.0;2.0;1.0;0.0;A01
201400029400;0;1;0;0.0;0.0;0.0;0.0;B01
201400029402;0;1;0;0.0;2.0;1.0;1.0;B01
201400029407;0;1;0;0.0;2.0;1.0;5.0;A01
201400029412;0;1;0;0.0;2.0;1.0;0.0;A01
201400029413;0;1;0;0.0;2.0;8.0;1.0;B01
201400029415;0;1;0;0.0;2.0;1.0;1.0;A01
201400029416;0;1;0;0.0;2.0;7.0;19.0;B01
201400029418;1;1;0;0.0;1.0;0.0;0.0;Z01
201400029425;0;1;0;0.0;2.0;1.0;1.0;B01
201400029426;0;1;0;0.0;2.0;8.0;1.0;B01
201400029429;0;1;0;0.0;0.0;0.0;7.0;A01
201400029430;0;1;0;0.0;2.0;1.0;0.0;B01
201400029434;0;1;0;0.0;2.0;1.0;0.0;A01
201400029438;0;1;0;0.0;2.0;7.0;0.0;B01
201400029444;0;1;0;0.0;2.0;1.0;0.0;A01
201400029445;0;1;0;0.0;2.0;1.0;1.0;A01
201400029457;0;1;0;1.0;2.0;2.0;9.0;A01
201400029458;0;1;0;0.0;2.0;1.0;1.0;A01
201400029464;0;1;0;0.0;2.0;2.0;1.0;A01
201400029468;0;1;0;0.0;2.0;1.0;0.0;A01
201400029472;0;1;0;0.0;2.0;1.0;0.0;A01
201400029477;0;1;0;0.0;2.0;1.0;1.0;C01
201400029477;0;1;0;0.0;2.0;1.0;1.0;B01
201400029477;0;1;0;0.0;2.0;1.0;1.0;D01
201400029490;0;1;0;0.0;2.0;1.0;1.0;B01
201400029501;0;1;0;0.0;2.0;1.0;1.0;A01
201400029502;0;1;0;0.0;2.0;4.0;0.0;B01
201400029505;0;1;0;0.0;2.0;1.0;8.0;A01
201400029507;0;1;0;0.0;2.0;1.0;0.0;A01
201400029511;0;1;0;0.0;2.0;8.0;19.0;B01
201400029527;0;1;0;0.0;2.0;8.0;13.0;A01
201400029532;0;1;0;0.0;2.0;1.0;1.0;B01
201400029536;0;1;0;0.0;2.0;1.0;1.0;B01
201400029549;1;1;0;0.0;1.0;1.0;0.0;Z01
201400029551;0;1;0;1.0;0.0;1.0;1.0;B01
201400029559;0;1;0;0.0;2.0;1.0;1.0;A01
201400029577;0;1;0;0.0;2.0;1.0;16.0;A01
201400029585;0;1;0;0.0;2.0;1.0;1.0;B01
201400029589;0;1;0;0.0;2.0;1.0;1.0;B01
201400029590;0;1;0;0.0;2.0;8.0;1.0;A01
201400029605;0;1;0;0.0;2.0;2.0;5.0;A01
201400029616;0;1;0;0.0;2.0;1.0;1.0;B01
201400029638;0;1;0;0.0;2.0;1.0;1.0;B01
201400029640;0;1;0;0.0;2.0;1.0;1.0;A01
201400029668;0;1;0;0.0;0.0;6.0;2.0;B01
201400029695;0;1;0;0.0;0.0;0.0;0.0;A01
201400029706;0;1;0;0.0;2.0;0.0;0.0;B01
201400029714;0;1;0;0.0;2.0;0.0;0.0;A01
201400029717;0;1;0;0.0;2.0;0.0;0.0;B01
201400029723;0;1;0;0.0;2.0;1.0;1.0;B01
201400029727;0;1;0;0.0;0.0;0.0;0.0;A01
201400029736;0;1;0;0.0;2.0;0.0;1.0;B01
201400029737;0;1;0;0.0;0.0;0.0;0.0;A01
201400029744;0;1;0;0.0;2.0;0.0;0.0;B01
201400029771;0;1;0;0.0;2.0;0.0;7.0;B01
201400029775;0;1;0;0.0;2.0;0.0;0.0;B01
201400029778;0;1;0;0.0;2.0;0.0;0.0;A01
201400029783;0;1;0;0.0;2.0;1.0;1.0;B01
201400029789;0;1;0;0.0;2.0;1.0;1.0;B01
201400029793;0;1;0;0.0;2.0;1.0;1.0;B01
201400029807;0;1;0;0.0;2.0;0.0;0.0;B01
201400029810;0;1;0;0.0;1.0;0.0;0.0;A01
201400029813;0;1;0;0.0;2.0;0.0;1.0;B01
201400029820;0;1;0;1.0;0.0;1.0;1.0;B01
201400029823;0;1;0;0.0;2.0;0.0;0.0;B01
201400029824;0;1;0;0.0;2.0;1.0;1.0;B01
201400029827;0;1;0;0.0;2.0;0.0;0.0;B01
201400029831;0;1;0;1.0;0.0;0.0;0.0;A01
201400029838;0;1;0;0.0;1.0;0.0;0.0;A01
201400029840;0;1;0;0.0;2.0;0.0;0.0;B01
201400029842;0;1;0;0.0;2.0;0.0;0.0;A01
201400029846;0;1;0;0.0;0.0;0.0;0.0;A01
201400029852;0;1;0;1.0;0.0;2.0;1.0;B01
201400029859;0;1;0;1.0;2.0;0.0;0.0;B01
201400029867;0;1;0;0.0;2.0;1.0;2.0;A01
201400029928;0;1;0;0.0;2.0;7.0;0.0;C01
201400029929;0;1;0;0.0;2.0;1.0;1.0;B01
201400029933;0;1;0;0.0;2.0;0.0;15.0;B01
201400029937;0;1;0;0.0;2.0;4.0;1.0;B01
201400029940;0;1;0;0.0;2.0;8.0;2.0;B01
201400029949;0;1;0;0.0;2.0;2.0;1.0;B01
201400029968;0;1;0;0.0;2.0;8.0;1.0;B01
201400029977;0;1;0;0.0;0.0;0.0;0.0;B02
201400030011;0;1;0;0.0;2.0;1.0;1.0;B01
201400030013;0;1;0;0.0;2.0;1.0;5.0;A01
201400030016;0;1;0;0.0;2.0;0.0;19.0;B01
201400030018;0;1;0;0.0;2.0;1.0;2.0;B01
201400030021;0;1;0;0.0;2.0;5.0;19.0;B01
201400030030;0;1;0;0.0;2.0;1.0;19.0;A01
201400030045;0;1;0;0.0;2.0;1.0;1.0;A01
201400030057;0;1;0;0.0;2.0;1.0;1.0;B01
201400030062;0;1;0;0.0;2.0;2.0;15.0;A01
201400030063;0;1;0;0.0;2.0;0.0;0.0;B01
201400030065;0;1;0;0.0;2.0;1.0;1.0;A01
201400030067;0;1;0;0.0;2.0;1.0;1.0;B01
201400030070;0;1;0;2.0;2.0;1.0;21.0;B01
201400030071;0;1;0;0.0;2.0;1.0;1.0;B01
201400030089;0;1;0;0.0;2.0;1.0;9.0;B01
201400030096;0;1;0;0.0;2.0;3.0;19.0;B01
201400030108;0;1;0;0.0;2.0;4.0;0.0;B01
201400030109;0;1;0;0.0;2.0;1.0;1.0;B01
201400030112;0;1;0;0.0;2.0;1.0;1.0;B01
201400030116;0;1;0;0.0;2.0;7.0;19.0;A01
201400030134;0;1;0;0.0;2.0;8.0;13.0;B01
201400030175;0;1;0;0.0;2.0;1.0;19.0;B01
201400030178;0;1;0;0.0;2.0;2.0;19.0;B01
201400030181;0;1;0;0.0;2.0;8.0;0.0;B01
201400030187;0;1;0;0.0;2.0;1.0;9.0;B01
201400030193;0;1;0;0.0;2.0;1.0;9.0;B01
201400030198;0;1;0;0.0;2.0;4.0;1.0;B01
201400030203;0;1;0;0.0;2.0;1.0;9.0;B01
201400030214;0;1;0;0.0;2.0;1.0;1.0;B01
201400030221;0;1;0;0.0;2.0;5.0;0.0;B01
201400030244;0;1;0;12.0;0.0;0.0;21.0;A01
201400030246;0;1;0;0.0;0.0;0.0;0.0;A01
201400030248;0;1;0;0.0;0.0;0.0;0.0;A01
201400030249;0;1;0;0.0;0.0;0.0;0.0;A01
201400030253;0;1;0;0.0;0.0;0.0;0.0;A01
201400030255;0;1;0;0.0;0.0;0.0;0.0;A01
201400030265;0;1;0;0.0;2.0;0.0;1.0;B01
201400030266;0;1;0;0.0;2.0;7.0;1.0;A01
201400030271;0;1;0;0.0;2.0;1.0;0.0;B01
201400030271;0;1;0;0.0;2.0;0.0;0.0;A01
201400030283;0;1;0;0.0;2.0;1.0;0.0;B01
201400030284;0;1;0;0.0;0.0;7.0;0.0;A01
201400030300;0;1;0;0.0;2.0;1.0;1.0;A01
201400030303;0;1;0;0.0;2.0;7.0;0.0;B01
201400030306;0;1;0;0.0;2.0;1.0;1.0;B01
201400030312;0;1;0;0.0;0.0;0.0;0.0;B01
201400030317;0;1;0;0.0;2.0;1.0;0.0;B01
201400030320;0;1;0;0.0;2.0;8.0;0.0;B01
201400030334;0;1;0;0.0;2.0;1.0;1.0;B01
201400030337;0;1;0;0.0;2.0;0.0;0.0;A01
201400030345;0;1;0;0.0;2.0;1.0;5.0;A01
201400030356;0;1;0;0.0;2.0;0.0;0.0;B01
201400030364;0;1;0;0.0;2.0;4.0;9.0;B02
201400030374;0;1;0;0.0;2.0;1.0;19.0;B02
201400030380;0;1;0;0.0;2.0;2.0;1.0;B02
201400030419;0;1;0;0.0;2.0;3.0;1.0;B01
201400030452;0;1;0;0.0;2.0;7.0;1.0;B01
201400030457;0;1;0;0.0;2.0;7.0;1.0;B01
201400030458;0;1;0;0.0;2.0;4.0;15.0;A01
201400030471;0;1;0;0.0;0.0;4.0;1.0;B01
201400030477;0;1;0;0.0;2.0;8.0;15.0;B01
201400030479;0;1;0;0.0;2.0;4.0;1.0;B01
201400030485;0;1;0;0.0;2.0;3.0;19.0;B01
201400030503;0;1;0;0.0;2.0;1.0;21.0;B01
201400030506;0;1;0;0.0;2.0;1.0;15.0;B01
201400030511;0;1;0;0.0;2.0;8.0;23.0;B01
201400030513;0;1;0;0.0;2.0;2.0;1.0;B01
201400030516;0;1;0;0.0;2.0;7.0;0.0;B01
201400030533;0;1;0;0.0;2.0;5.0;1.0;B01
201400030535;0;1;0;0.0;2.0;6.0;15.0;A01
201400030535;0;1;0;0.0;2.0;1.0;1.0;B01
201400030544;0;1;0;0.0;1.0;1.0;1.0;A01
201400030565;0;1;0;0.0;2.0;8.0;1.0;B01
201400030566;0;1;0;0.0;2.0;1.0;1.0;B01
201400030587;0;1;0;0.0;2.0;7.0;1.0;B01
201400030603;0;1;0;0.0;2.0;7.0;1.0;B01
201400030612;0;1;0;0.0;2.0;1.0;1.0;B01
201400030626;0;1;0;0.0;0.0;1.0;15.0;A01
201400030636;0;1;0;0.0;0.0;1.0;0.0;B01
201400030704;0;1;0;0.0;2.0;1.0;0.0;A01
201400030707;0;1;0;0.0;2.0;0.0;9.0;B01
201400030711;0;1;0;1.0;0.0;1.0;1.0;B01
201400030724;0;1;0;0.0;2.0;4.0;1.0;B01
201400030726;0;1;0;0.0;2.0;3.0;15.0;B01
201400030740;0;1;0;0.0;2.0;0.0;1.0;B01
201400030743;0;1;0;0.0;2.0;1.0;0.0;B01
201400030768;0;1;0;0.0;2.0;1.0;1.0;B01
201400030788;0;1;0;0.0;2.0;4.0;0.0;B01
201400030793;0;1;0;0.0;2.0;4.0;1.0;C01
201400030801;0;1;0;0.0;2.0;1.0;0.0;B01
201400030823;0;1;0;0.0;2.0;0.0;1.0;B01
201400030825;0;1;0;0.0;2.0;8.0;1.0;A01
201400030835;0;1;0;0.0;2.0;1.0;1.0;B01
201400030859;0;1;0;0.0;0.0;0.0;0.0;Y01
201400030882;0;1;0;0.0;2.0;6.0;2.0;B01
201400030891;0;1;0;0.0;2.0;1.0;1.0;B01
201400030937;0;1;0;0.0;0.0;2.0;0.0;B01
201400030949;0;1;0;0.0;2.0;3.0;2.0;B01
201400030973;0;1;0;0.0;2.0;8.0;0.0;B01
201400030990;0;1;0;0.0;2.0;1.0;5.0;A01
201400030998;0;1;0;0.0;2.0;3.0;0.0;B01
201400031006;0;1;0;0.0;2.0;1.0;1.0;B01
201400031012;0;1;0;15.0;2.0;7.0;19.0;A01
201400031020;0;1;0;0.0;2.0;7.0;0.0;A01
201400031025;0;1;0;0.0;2.0;8.0;15.0;B01
201400031029;0;1;0;0.0;2.0;3.0;13.0;B01
201400031039;0;1;0;0.0;2.0;7.0;0.0;A01
201400031049;0;1;0;0.0;2.0;1.0;1.0;A01
201400031064;0;1;0;0.0;0.0;6.0;2.0;A01
201400031079;0;1;0;0.0;2.0;8.0;15.0;A01
201400031081;0;1;0;0.0;2.0;1.0;19.0;A01
201400031097;0;1;0;0.0;0.0;1.0;0.0;A01
201400031101;0;1;0;0.0;0.0;8.0;15.0;B01
201400031115;0;1;0;0.0;2.0;8.0;19.0;A01
201400031116;0;1;0;0.0;2.0;7.0;0.0;B01
201400031134;0;1;0;0.0;0.0;7.0;0.0;A01
201400031155;0;1;0;0.0;2.0;1.0;1.0;B01
201400031164;0;1;0;0.0;2.0;8.0;15.0;B01
201400031174;0;1;0;0.0;2.0;0.0;1.0;B01
201400031196;0;1;0;0.0;2.0;0.0;19.0;B01
201400031212;0;1;0;0.0;2.0;1.0;1.0;B01
201400031220;0;1;0;0.0;2.0;1.0;1.0;B01
201400031221;0;1;0;0.0;0.0;7.0;2.0;B01
201400031227;0;1;0;0.0;2.0;7.0;16.0;B01
201400031236;0;1;0;1.0;0.0;1.0;1.0;B01
201400031242;0;1;0;0.0;2.0;1.0;13.0;A01
201400031247;0;1;0;0.0;2.0;1.0;0.0;A01
201400031252;0;1;0;0.0;2.0;7.0;19.0;B01
201400031255;0;1;0;0.0;2.0;4.0;10.0;B01
201400031269;0;1;0;0.0;2.0;4.0;0.0;B01
201400031272;0;1;0;0.0;2.0;8.0;19.0;B01
201400031280;0;1;0;0.0;2.0;8.0;1.0;B01
201400031307;0;1;0;0.0;2.0;1.0;1.0;A01
201400031315;0;1;0;0.0;2.0;4.0;2.0;B01
201400031319;0;1;0;0.0;2.0;4.0;0.0;B01
201400031323;0;1;0;0.0;2.0;1.0;1.0;B01
201400031326;0;1;0;0.0;2.0;8.0;15.0;B01
201400031333;0;1;0;0.0;2.0;1.0;13.0;B01
201400031344;0;1;0;0.0;2.0;4.0;2.0;B01
201400031358;0;1;0;6.0;2.0;0.0;0.0;B01
201400031378;0;1;0;0.0;2.0;1.0;1.0;B01
201400031385;0;1;0;0.0;2.0;1.0;19.0;B01
201400031419;0;1;0;0.0;2.0;7.0;17.0;A01
201400031452;0;1;0;0.0;2.0;2.0;15.0;A01
201400031467;0;1;0;0.0;2.0;1.0;0.0;A01
201400031500;0;1;0;0.0;2.0;1.0;10.0;A01
201400031522;0;1;0;0.0;2.0;1.0;1.0;B01
201400031524;0;1;0;0.0;2.0;1.0;1.0;B01
201400031525;0;1;0;0.0;2.0;6.0;1.0;B01
201400031540;0;1;0;0.0;2.0;5.0;15.0;B01
201400031543;0;1;0;0.0;0.0;0.0;19.0;B01
201400031544;0;1;0;0.0;2.0;8.0;0.0;B01
201400031545;0;1;0;0.0;0.0;1.0;19.0;B01
201400031555;0;1;0;0.0;2.0;3.0;0.0;B01
201400031580;0;1;0;0.0;2.0;1.0;1.0;B01
201400031595;0;1;0;0.0;2.0;1.0;1.0;B01
201400031601;0;1;0;0.0;1.0;1.0;1.0;A01
201400031605;0;1;0;0.0;2.0;0.0;1.0;B01
201400031606;0;1;0;6.0;0.0;1.0;0.0;A01
201400031651;0;1;0;0.0;2.0;8.0;19.0;B02
201400031659;0;1;0;0.0;2.0;1.0;1.0;B01
201400031671;0;1;0;0.0;2.0;1.0;1.0;A01
201400031692;0;1;0;0.0;0.0;4.0;2.0;B01
201400031719;0;1;0;0.0;0.0;7.0;1.0;B01
201400031724;0;1;0;0.0;0.0;8.0;1.0;A01
201400031739;0;1;0;0.0;2.0;1.0;1.0;B01
201400031741;0;1;0;0.0;2.0;4.0;16.0;B01
201400031742;0;1;0;0.0;2.0;8.0;15.0;B01
201400031746;0;1;0;0.0;2.0;3.0;0.0;B01
201400031752;0;1;0;0.0;2.0;8.0;2.0;B01
201400031763;0;1;0;0.0;2.0;1.0;2.0;B01
201400031775;0;1;0;0.0;9.0;1.0;2.0;B01
201400031798;0;1;0;0.0;2.0;0.0;19.0;B01
201400031807;0;1;0;0.0;2.0;1.0;5.0;B01
201400031824;0;1;0;0.0;2.0;1.0;9.0;A01
201400031839;0;1;0;0.0;2.0;1.0;19.0;B01
201400031846;0;1;0;0.0;1.0;1.0;0.0;A01
201400031849;0;1;0;0.0;2.0;1.0;1.0;B01
201400031852;0;1;0;0.0;2.0;2.0;0.0;B01
201400031876;0;1;0;0.0;2.0;4.0;2.0;B01
201400031886;0;1;0;0.0;2.0;1.0;0.0;A01
201400031898;0;1;0;0.0;2.0;1.0;2.0;B01
201400031939;0;1;0;15.0;2.0;1.0;21.0;B01
201400031947;0;1;0;0.0;2.0;1.0;1.0;B01
201400031948;0;1;0;0.0;2.0;0.0;1.0;B01
201400031949;0;1;0;0.0;0.0;5.0;1.0;A01
201400031958;0;1;0;0.0;0.0;6.0;1.0;A01
201400031969;0;1;0;0.0;2.0;2.0;0.0;A01
201400031990;0;1;0;0.0;2.0;1.0;2.0;B01
201400032023;0;1;0;0.0;2.0;0.0;16.0;B01
201400032030;0;1;0;0.0;2.0;1.0;15.0;A01
201400032033;0;1;0;0.0;2.0;1.0;15.0;B01
201400032054;0;1;0;0.0;2.0;7.0;1.0;B01
201400032083;0;1;0;0.0;0.0;3.0;0.0;B01
201400032099;0;1;0;0.0;0.0;0.0;1.0;A01
201400032105;0;1;0;0.0;2.0;1.0;1.0;B01
201400032117;0;1;0;0.0;2.0;3.0;1.0;B01
201400032157;0;1;0;0.0;2.0;4.0;1.0;B01
201400032186;0;1;0;0.0;2.0;1.0;1.0;B01
201400032199;0;1;0;12.0;0.0;1.0;0.0;A01
201400032205;0;1;0;0.0;0.0;0.0;0.0;A01
201400032244;0;1;0;0.0;2.0;4.0;0.0;B01
201400032245;0;1;0;0.0;2.0;4.0;1.0;B01
201400032255;0;1;0;0.0;0.0;0.0;15.0;A01
201400032279;0;1;0;1.0;0.0;1.0;1.0;B01
201400032280;0;1;0;0.0;2.0;4.0;7.0;B01
201400032281;0;1;0;16.0;0.0;0.0;1.0;A01
201400032350;0;1;0;0.0;2.0;1.0;1.0;A01
201400032360;0;1;0;0.0;1.0;1.0;0.0;A01
201400032366;0;1;0;14.0;0.0;0.0;1.0;A01
201400032377;0;1;0;14.0;0.0;7.0;13.0;A01
201400032378;0;1;0;0.0;2.0;2.0;1.0;B01
201400032397;0;1;0;0.0;2.0;1.0;1.0;B01
201400032417;0;1;0;0.0;2.0;1.0;15.0;A01
201400032425;0;1;0;0.0;2.0;1.0;1.0;B01
201400032435;0;1;0;0.0;2.0;4.0;1.0;B01
201400032441;0;1;0;0.0;2.0;1.0;1.0;A01
201400032442;0;1;0;0.0;2.0;4.0;1.0;B01
201400032470;0;1;0;0.0;1.0;1.0;1.0;A01
201400032481;0;1;0;0.0;2.0;1.0;5.0;A01
201400032516;0;1;0;0.0;2.0;8.0;1.0;B01
201400032535;0;1;0;0.0;0.0;0.0;0.0;B01
201400032548;0;1;0;0.0;1.0;1.0;5.0;A01
201400032549;0;1;0;0.0;1.0;1.0;1.0;A01
201400032550;0;1;0;0.0;2.0;1.0;1.0;A01
201400032561;0;1;0;0.0;2.0;8.0;1.0;B01
201400032563;0;1;0;0.0;2.0;7.0;1.0;B01
201400032566;0;1;0;0.0;2.0;7.0;1.0;B01
201400032569;0;1;0;0.0;2.0;7.0;1.0;B01
201400032584;0;1;0;0.0;2.0;1.0;1.0;B01
201400032590;0;1;0;0.0;2.0;4.0;1.0;B01
201400032597;0;1;0;0.0;2.0;1.0;1.0;B01
201400032602;0;1;0;0.0;2.0;1.0;1.0;B01
201400032606;0;1;0;0.0;2.0;7.0;1.0;B01
201400032609;0;1;0;1.0;2.0;1.0;1.0;A01
201400032612;0;1;0;0.0;2.0;1.0;1.0;A01
201400032637;0;1;0;0.0;2.0;8.0;1.0;B01
201400032639;0;1;0;0.0;2.0;8.0;8.0;A01
201400032641;0;1;0;0.0;2.0;1.0;19.0;B01
201400032642;0;1;0;0.0;2.0;8.0;13.0;A01
201400032647;0;1;0;0.0;2.0;1.0;15.0;A01
201400032661;0;1;0;0.0;2.0;1.0;1.0;B01
201400032666;0;1;0;0.0;2.0;8.0;1.0;B01
201400032676;0;1;0;0.0;2.0;4.0;1.0;B01
201400032692;0;1;0;0.0;2.0;8.0;1.0;B01
201400032694;0;1;0;0.0;2.0;1.0;1.0;B01
201400032698;0;1;0;0.0;2.0;1.0;1.0;B01
201400032722;0;1;0;0.0;2.0;1.0;1.0;B01
201400032726;0;1;0;0.0;1.0;1.0;1.0;A01
201400032735;0;1;0;0.0;2.0;4.0;0.0;B01
201400032781;0;1;0;0.0;2.0;1.0;21.0;A01
201400032796;0;1;0;0.0;2.0;8.0;1.0;B01
201400032836;0;1;0;0.0;2.0;1.0;1.0;B01
201400032852;0;1;0;0.0;2.0;1.0;19.0;A01
201400032853;0;1;0;0.0;2.0;1.0;15.0;A01
201400032869;0;1;0;0.0;1.0;1.0;1.0;A01
201400032877;0;1;0;0.0;2.0;8.0;11.0;A01
201400032882;0;1;0;0.0;2.0;3.0;5.0;B01
201400032891;0;1;0;0.0;2.0;1.0;2.0;B01
201400032893;0;1;0;0.0;2.0;7.0;1.0;B01
201400032902;0;1;0;0.0;2.0;1.0;1.0;B01
201400032916;0;1;0;0.0;2.0;1.0;5.0;A01
201400032926;0;1;0;0.0;2.0;2.0;1.0;B01
201400032927;0;1;0;0.0;2.0;8.0;19.0;A01
201400032930;0;1;0;0.0;0.0;8.0;2.0;B01
201400032931;0;1;0;0.0;2.0;7.0;0.0;B01
201400032943;0;1;0;0.0;2.0;0.0;16.0;B01
201400032945;0;1;0;0.0;2.0;1.0;15.0;B01
201400032951;0;1;0;0.0;2.0;1.0;1.0;B01
201400032953;0;1;0;1.0;0.0;1.0;1.0;B01
201400032957;0;1;0;0.0;2.0;8.0;1.0;B01
201400032960;0;1;0;0.0;0.0;5.0;15.0;B01
201400032968;0;1;0;0.0;2.0;1.0;1.0;B01
201400032973;0;1;0;0.0;2.0;1.0;1.0;B01
201400032974;0;1;0;0.0;2.0;6.0;1.0;B01
201400032978;0;1;0;0.0;2.0;8.0;1.0;B01
201400032989;0;1;0;0.0;2.0;1.0;0.0;B01
201400033032;0;1;0;0.0;2.0;0.0;0.0;B01
201400033048;0;1;0;0.0;2.0;8.0;9.0;A01
201400033091;0;1;0;0.0;2.0;1.0;5.0;A01
201400033105;0;1;0;0.0;2.0;8.0;1.0;B01
201400033109;0;1;0;0.0;2.0;2.0;1.0;A01
201400033121;0;1;0;0.0;2.0;1.0;21.0;B01
201400033132;0;1;0;0.0;2.0;6.0;1.0;B01
201400033150;0;1;0;0.0;2.0;1.0;0.0;A01
201400033152;0;1;0;0.0;2.0;7.0;19.0;B01
201400033162;0;1;0;0.0;2.0;1.0;16.0;B01
201400033162;0;1;0;0.0;2.0;1.0;16.0;A01
201400033163;0;1;0;0.0;2.0;1.0;19.0;A01
201400033167;0;1;0;0.0;2.0;8.0;19.0;B01
201400033177;0;1;0;0.0;2.0;1.0;19.0;B01
201400033187;0;1;0;0.0;2.0;1.0;19.0;A01
201400033197;0;1;0;0.0;2.0;1.0;1.0;B01
201400033200;0;1;0;0.0;2.0;4.0;1.0;B01
201400033202;0;1;0;0.0;2.0;1.0;1.0;B01
201400033204;0;1;0;0.0;2.0;1.0;16.0;B01
201400033210;0;1;0;1.0;0.0;1.0;1.0;B01
201400033214;0;1;0;0.0;2.0;1.0;1.0;A01
201400033229;0;1;0;0.0;1.0;0.0;0.0;A01
201400033241;0;1;0;0.0;1.0;2.0;1.0;A01
201400033244;0;1;0;0.0;2.0;1.0;1.0;B01
201400033247;0;1;0;0.0;2.0;1.0;1.0;B01
201400033256;0;1;0;0.0;2.0;2.0;1.0;B01
201400033259;0;1;0;0.0;2.0;1.0;1.0;B01
201400033260;0;1;0;0.0;2.0;4.0;1.0;B01
201400033261;0;1;0;0.0;2.0;1.0;16.0;A01
201400033263;0;1;0;0.0;1.0;1.0;1.0;A01
201400033266;0;1;0;0.0;2.0;5.0;1.0;B01
201400033269;0;1;0;0.0;2.0;2.0;1.0;B01
201400033270;0;1;0;0.0;2.0;7.0;1.0;B01
201400033274;0;1;0;0.0;2.0;8.0;1.0;B01
201400033276;0;1;0;0.0;2.0;1.0;1.0;B01
201400033284;0;1;0;0.0;2.0;8.0;1.0;B01
201400033289;0;1;0;0.0;2.0;0.0;1.0;B01
201400033293;0;1;0;0.0;2.0;1.0;1.0;A01
201400033293;0;1;0;0.0;2.0;1.0;1.0;B01
201400033294;0;1;0;0.0;2.0;2.0;1.0;B01
201400033296;0;1;0;0.0;2.0;1.0;1.0;A01
201400033296;0;1;0;0.0;2.0;6.0;1.0;B01
201400033300;0;1;0;0.0;2.0;1.0;19.0;A01
201400033302;0;1;0;0.0;2.0;1.0;1.0;A01
201400033303;0;1;0;0.0;2.0;2.0;1.0;B01
201400033304;0;1;0;0.0;2.0;1.0;1.0;B01
201400033305;0;1;0;0.0;2.0;1.0;1.0;B01
201400033310;0;1;0;0.0;0.0;1.0;1.0;B01
201400033311;0;1;0;0.0;2.0;7.0;1.0;B01
201400033311;0;1;0;0.0;2.0;1.0;1.0;A01
201400033314;0;1;0;0.0;2.0;1.0;1.0;B01
201400033318;0;1;0;0.0;0.0;1.0;0.0;B01
201400033328;0;1;0;0.0;2.0;2.0;0.0;B01
201400033329;0;1;0;0.0;9.0;0.0;1.0;A01
201400033330;0;1;0;0.0;2.0;1.0;1.0;B01
201400033336;0;1;0;0.0;2.0;1.0;0.0;A01
201400033337;0;1;0;0.0;2.0;1.0;1.0;B01
201400033341;0;1;0;0.0;2.0;7.0;19.0;B01