Num_Acc;senc;catv;occutc;obs;obsm;choc;manv;num_veh
201400033343;0;1;0;0.0;2.0;1.0;1.0;A01
201400033343;0;1;0;0.0;2.0;8.0;19.0;B01
201400033345;0;1;0;0.0;2.0;9.0;1.0;A01
201400033353;0;1;0;0.0;1.0;1.0;1.0;A01
201400033358;0;1;0;0.0;2.0;1.0;16.0;B01
201400033368;0;1;0;0.0;2.0;1.0;1.0;A01
201400033371;0;1;0;0.0;2.0;3.0;1.0;A01
201400033375;0;1;0;0.0;2.0;1.0;1.0;A01
201400033377;0;1;0;0.0;2.0;1.0;19.0;A01
201400033380;0;1;0;0.0;2.0;1.0;1.0;B01
201400033381;0;1;0;0.0;2.0;1.0;1.0;A01
201400033382;0;1;0;0.0;2.0;1.0;1.0;B01
201400033390;0;1;0;0.0;2.0;4.0;1.0;B01
201400033394;0;1;0;0.0;2.0;1.0;1.0;A01
201400033398;0;1;0;0.0;2.0;1.0;1.0;B01
201400033399;0;1;0;0.0;2.0;7.0;19.0;A01
201400033401;0;1;0;0.0;2.0;1.0;1.0;B01
201400033410;0;1;0;0.0;2.0;1.0;5.0;A01
201400033412;0;1;0;0.0;2.0;1.0;19.0;B01
201400033413;0;1;0;0.0;2.0;1.0;1.0;B01
201400033414;0;1;0;0.0;2.0;1.0;19.0;A01
201400033416;0;1;0;0.0;2.0;4.0;1.0;A01
201400033416;0;1;0;0.0;2.0;1.0;15.0;B01
201400033417;0;1;0;0.0;2.0;1.0;19.0;A01
201400033421;0;1;0;0.0;2.0;8.0;1.0;B01
201400033422;0;1;0;0.0;2.0;1.0;1.0;B01
201400033423;0;1;0;0.0;2.0;7.0;1.0;A01
201400033432;0;1;0;0.0;2.0;7.0;16.0;B01
201400033446;0;1;0;0.0;2.0;1.0;1.0;A01
201400033449;0;1;0;0.0;2.0;3.0;13.0;A01
201400033450;0;1;0;0.0;1.0;1.0;1.0;A01
201400033453;0;1;0;0.0;2.0;1.0;1.0;A01
201400033454;0;1;0;0.0;2.0;1.0;15.0;A01
201400033459;0;1;0;0.0;2.0;8.0;1.0;A01
201400033460;0;1;0;0.0;2.0;1.0;15.0;B01
201400033461;0;1;0;0.0;2.0;3.0;1.0;A01
201400033466;0;1;0;0.0;2.0;2.0;1.0;B01
201400033470;0;1;0;0.0;2.0;7.0;1.0;B01
201400033479;0;1;0;0.0;2.0;7.0;1.0;B01
201400033484;0;1;0;0.0;2.0;1.0;1.0;A01
201400033485;0;1;0;0.0;2.0;1.0;1.0;B01
201400033487;0;1;0;0.0;2.0;0.0;19.0;A01
201400033490;0;1;0;0.0;2.0;1.0;1.0;B01
201400033491;0;1;0;0.0;2.0;1.0;15.0;B01
201400033508;0;1;0;0.0;2.0;7.0;19.0;A01
201400033511;0;1;0;0.0;2.0;1.0;9.0;A01
201400033513;0;1;0;0.0;2.0;1.0;19.0;B01
201400033520;0;1;0;0.0;2.0;4.0;15.0;B01
201400033521;0;1;0;0.0;2.0;1.0;19.0;B01
201400033525;0;1;0;0.0;2.0;7.0;6.0;B01
201400033526;0;1;0;0.0;2.0;1.0;1.0;A01
201400033527;0;1;0;0.0;2.0;1.0;1.0;A01
201400033547;0;1;0;0.0;2.0;1.0;1.0;B01
201400033561;0;1;0;0.0;2.0;8.0;19.0;B01
201400033562;0;1;0;0.0;2.0;1.0;19.0;B01
201400033563;0;1;0;0.0;2.0;1.0;2.0;A01
201400033567;0;1;0;0.0;2.0;1.0;1.0;B01
201400033568;0;1;0;0.0;2.0;8.0;19.0;B01
201400033569;0;1;0;0.0;2.0;5.0;19.0;B01
201400033571;0;1;0;0.0;2.0;1.0;1.0;B01
201400033579;0;1;0;0.0;2.0;8.0;15.0;B01
201400033586;0;1;0;0.0;2.0;1.0;19.0;B01
201400033592;0;1;0;0.0;2.0;4.0;0.0;A01
201400033595;0;1;0;0.0;4.0;7.0;15.0;B01
201400033596;0;1;0;0.0;2.0;8.0;1.0;A01
201400033601;0;1;0;0.0;2.0;4.0;1.0;B01
201400033628;0;1;0;0.0;2.0;8.0;9.0;B01
201400033629;0;1;0;0.0;2.0;1.0;1.0;B01
201400033633;0;1;0;0.0;2.0;8.0;1.0;B01
201400033642;0;1;0;0.0;2.0;4.0;11.0;A01
201400033644;0;1;0;0.0;2.0;4.0;2.0;B01
201400033653;0;1;0;0.0;0.0;1.0;2.0;B01
201400033662;0;1;0;1.0;0.0;1.0;21.0;B01
201400033666;0;1;0;0.0;2.0;0.0;19.0;B01
201400033669;0;1;0;0.0;2.0;8.0;1.0;B01
201400033674;0;1;0;0.0;2.0;7.0;1.0;A01
201400033677;0;1;0;0.0;2.0;3.0;9.0;A01
201400033678;0;1;0;0.0;2.0;1.0;1.0;B01
201400033693;0;1;0;0.0;2.0;1.0;1.0;B01
201400033695;0;1;0;0.0;2.0;1.0;1.0;B01
201400033702;0;1;0;0.0;2.0;1.0;19.0;A01
201400033705;0;1;0;0.0;2.0;1.0;5.0;B01
201400033720;0;1;0;0.0;2.0;1.0;1.0;A01
201400033728;0;1;0;0.0;2.0;0.0;1.0;A01
201400033733;0;1;0;0.0;2.0;1.0;19.0;A01
201400033735;0;1;0;4.0;2.0;2.0;21.0;A01
201400033735;0;1;0;0.0;2.0;1.0;21.0;B01
201400033743;0;1;0;0.0;2.0;7.0;19.0;B01
201400033801;0;1;0;0.0;2.0;4.0;2.0;B01
201400033836;0;1;0;0.0;0.0;0.0;19.0;B01
201400033847;0;1;0;0.0;2.0;1.0;9.0;A01
201400033857;0;1;0;0.0;2.0;8.0;23.0;B01
201400033859;0;1;0;1.0;0.0;1.0;1.0;B01
201400033888;0;1;0;0.0;2.0;7.0;1.0;A01
201400033900;0;1;0;0.0;2.0;1.0;1.0;B01
201400033901;0;1;0;0.0;2.0;4.0;1.0;B01
201400033928;2;1;0;0.0;1.0;0.0;1.0;Z01
201400033944;0;1;0;0.0;2.0;1.0;19.0;B01
201400033949;0;1;0;0.0;2.0;1.0;5.0;A01
201400033950;0;1;0;0.0;2.0;1.0;1.0;A01
201400033967;0;1;0;0.0;2.0;0.0;19.0;B01
201400033998;0;1;0;0.0;2.0;8.0;0.0;A01
201400034028;0;1;0;0.0;0.0;0.0;1.0;B01
201400034029;0;1;0;0.0;2.0;8.0;1.0;B01
201400034030;0;1;0;0.0;1.0;2.0;14.0;A01
201400034034;0;1;0;0.0;2.0;1.0;1.0;B01
201400034035;0;1;0;0.0;2.0;1.0;12.0;B01
201400034036;0;1;0;0.0;2.0;7.0;16.0;B01
201400034056;0;1;0;0.0;2.0;7.0;6.0;B01
201400034063;0;1;0;0.0;1.0;1.0;1.0;A01
201400034064;0;1;0;0.0;2.0;3.0;1.0;B01
201400034067;0;1;0;0.0;2.0;1.0;2.0;A01
201400034074;0;1;0;0.0;2.0;1.0;1.0;B01
201400034076;0;1;0;0.0;0.0;8.0;19.0;A01
201400034078;0;1;0;0.0;2.0;0.0;2.0;B01
201400034135;0;1;0;0.0;2.0;3.0;1.0;A01
201400034157;0;1;0;0.0;2.0;2.0;1.0;B01
201400034179;0;1;0;0.0;2.0;0.0;0.0;B01
201400034189;0;1;0;0.0;2.0;5.0;1.0;B01
201400034197;0;1;0;0.0;2.0;8.0;15.0;B01
201400034213;0;1;0;0.0;1.0;1.0;15.0;A01
201400034214;0;1;0;0.0;2.0;8.0;19.0;B01
201400034215;0;1;0;0.0;2.0;4.0;1.0;B01
201400034216;0;1;0;0.0;2.0;1.0;1.0;B01
201400034227;0;1;0;1.0;2.0;2.0;1.0;B01
201400034229;0;1;0;0.0;2.0;5.0;1.0;B01
201400034235;0;1;0;0.0;2.0;0.0;2.0;A01
201400034239;0;1;0;0.0;2.0;7.0;15.0;A01
201400034248;0;1;0;1.0;0.0;1.0;1.0;A01
201400034253;0;1;0;0.0;2.0;1.0;1.0;B01
201400034255;0;1;0;0.0;2.0;4.0;13.0;A01
201400034258;0;1;0;0.0;2.0;1.0;1.0;B01
201400034266;0;1;0;0.0;1.0;8.0;1.0;A01
201400034283;0;1;0;0.0;2.0;2.0;16.0;B01
201400034293;0;1;0;0.0;4.0;1.0;1.0;A01
201400034299;0;1;0;0.0;4.0;7.0;1.0;A01
201400034303;0;1;0;0.0;2.0;8.0;16.0;B01
201400034310;0;1;0;0.0;2.0;3.0;17.0;A01
201400034323;0;1;0;0.0;2.0;8.0;2.0;B01
201400034360;0;1;0;0.0;0.0;0.0;1.0;A01
201400034386;0;1;0;0.0;2.0;1.0;19.0;B01
201400034419;0;1;0;0.0;2.0;7.0;15.0;B01
201400034425;0;1;0;0.0;2.0;1.0;1.0;B01
201400034436;0;1;0;0.0;2.0;1.0;1.0;A01
201400034436;1;1;0;0.0;2.0;0.0;1.0;B01
201400034452;0;1;0;0.0;2.0;7.0;1.0;B01
201400034454;0;1;0;0.0;2.0;8.0;1.0;B01
201400034456;0;1;0;0.0;2.0;1.0;18.0;A01
201400034463;0;1;0;0.0;2.0;1.0;1.0;B01
201400034469;0;1;0;0.0;0.0;1.0;1.0;A01
201400034504;0;1;0;0.0;2.0;7.0;1.0;B01
201400034531;0;1;0;0.0;2.0;1.0;1.0;A01
201400034546;0;1;0;1.0;0.0;1.0;1.0;B01
201400034558;0;1;0;0.0;0.0;4.0;1.0;B01
201400034567;0;1;0;0.0;2.0;1.0;1.0;B01
201400034577;0;1;0;0.0;2.0;4.0;1.0;A01
201400034586;0;1;0;0.0;2.0;1.0;1.0;B01
201400034590;0;1;0;0.0;2.0;4.0;1.0;B01
201400034593;0;1;0;1.0;0.0;1.0;1.0;B01
201400034594;0;1;0;0.0;2.0;0.0;1.0;B01
201400034611;0;1;0;0.0;2.0;4.0;1.0;B01
201400034621;0;1;0;0.0;2.0;7.0;19.0;B01
201400034623;0;1;0;0.0;2.0;1.0;1.0;B01
201400034625;0;1;0;0.0;2.0;6.0;9.0;A01
201400034640;0;1;0;0.0;2.0;7.0;17.0;B01
201400034653;0;1;0;0.0;0.0;2.0;1.0;B01
201400034663;0;1;0;0.0;2.0;4.0;1.0;C01
201400034663;0;1;0;0.0;2.0;1.0;11.0;A01
201400034668;0;1;0;0.0;0.0;1.0;11.0;B01
201400034681;0;1;0;0.0;2.0;0.0;19.0;B01
201400034685;0;1;0;0.0;0.0;8.0;15.0;B01
201400034694;0;1;0;0.0;2.0;7.0;0.0;B01
201400034725;0;1;0;0.0;2.0;8.0;15.0;A01
201400034727;0;1;0;0.0;2.0;1.0;19.0;A01
201400034735;0;1;0;0.0;2.0;2.0;15.0;A01
201400034763;0;1;0;0.0;2.0;1.0;1.0;B01
201400034765;0;1;0;0.0;1.0;0.0;16.0;A01
201400034778;0;1;0;0.0;2.0;6.0;9.0;A01
201400034779;0;1;0;16.0;0.0;0.0;1.0;A01
201400034797;0;1;0;0.0;2.0;6.0;1.0;B01
201400034816;0;1;0;0.0;2.0;8.0;11.0;A01
201400034837;0;1;0;0.0;2.0;7.0;15.0;B01
201400034841;0;1;0;16.0;0.0;0.0;1.0;A01
201400034846;0;1;0;0.0;2.0;7.0;19.0;A01
201400034846;0;1;0;0.0;2.0;1.0;1.0;B01
201400034852;0;1;0;0.0;2.0;1.0;1.0;B01
201400034869;0;1;0;0.0;2.0;0.0;13.0;B01
201400034872;0;1;0;0.0;2.0;8.0;0.0;B01
201400034874;0;1;0;0.0;2.0;1.0;19.0;A01
201400034878;0;1;0;0.0;0.0;0.0;0.0;A01
201400034889;0;1;0;0.0;2.0;3.0;1.0;B01
201400034900;0;1;0;0.0;2.0;1.0;1.0;B01
201400034918;0;1;0;6.0;0.0;1.0;1.0;A01
201400034927;0;1;0;0.0;2.0;7.0;19.0;B01
201400034934;0;1;0;0.0;2.0;1.0;0.0;B01
201400034935;0;1;0;0.0;0.0;8.0;19.0;A01
201400034946;0;1;0;0.0;2.0;3.0;11.0;A01
201400034950;0;1;0;0.0;0.0;0.0;1.0;A01
201400034956;0;1;0;0.0;2.0;8.0;1.0;B01
201400034966;0;1;0;0.0;2.0;8.0;19.0;A01
201400034966;0;1;0;0.0;2.0;1.0;5.0;B01
201400034975;0;1;0;8.0;0.0;1.0;1.0;A01
201400035007;0;1;0;0.0;5.0;0.0;0.0;A01
201400035047;0;1;0;0.0;2.0;0.0;1.0;C01
201400035087;0;1;0;0.0;2.0;0.0;0.0;B01
201400035097;0;1;0;0.0;2.0;1.0;0.0;B01
201400035102;0;1;0;0.0;2.0;1.0;1.0;B01
201400035122;0;1;0;0.0;0.0;0.0;0.0;B01
201400035122;0;1;0;0.0;0.0;0.0;0.0;A01
201400035132;0;1;0;0.0;2.0;0.0;0.0;B01
201400035177;0;1;0;0.0;2.0;1.0;18.0;B01
201400035178;0;1;0;0.0;2.0;1.0;16.0;A01
201400035213;0;1;0;0.0;2.0;0.0;0.0;B01
201400035215;0;1;0;0.0;2.0;0.0;1.0;B01
201400035237;0;1;0;0.0;2.0;1.0;1.0;B01
201400035254;1;1;0;0.0;1.0;1.0;0.0;Z01
201400035259;0;1;0;0.0;2.0;4.0;1.0;B01
201400035299;0;1;0;0.0;2.0;1.0;9.0;A01
201400035329;0;1;0;0.0;2.0;8.0;0.0;A01
201400035334;0;1;0;0.0;2.0;8.0;19.0;B01
201400035346;0;1;0;0.0;0.0;8.0;19.0;B01
201400035367;0;1;0;0.0;2.0;0.0;1.0;B01
201400035437;0;1;0;2.0;2.0;4.0;2.0;B01
201400035478;0;1;0;0.0;0.0;4.0;1.0;B01
201400035503;0;1;0;0.0;2.0;4.0;2.0;B01
201400035506;0;1;0;0.0;0.0;8.0;0.0;A01
201400035512;0;1;0;0.0;0.0;4.0;2.0;B01
201400035520;0;1;0;0.0;2.0;8.0;13.0;B01
201400035538;0;1;0;0.0;2.0;5.0;19.0;Y01
201400035547;0;1;0;0.0;2.0;1.0;16.0;B01
201400035558;0;1;0;0.0;2.0;8.0;15.0;B01
201400035595;0;1;0;0.0;2.0;8.0;15.0;A01
201400035609;0;1;0;0.0;2.0;1.0;2.0;B01
201400035618;0;1;0;0.0;2.0;1.0;0.0;B01
201400035635;0;1;0;0.0;0.0;4.0;2.0;B01
201400035652;0;1;0;0.0;2.0;8.0;2.0;B01
201400035662;0;1;0;0.0;2.0;8.0;15.0;B01
201400035663;0;1;0;14.0;2.0;0.0;13.0;A01
201400035693;0;1;0;0.0;9.0;1.0;5.0;A01
201400035696;0;1;0;0.0;0.0;4.0;0.0;B01
201400035703;0;1;0;0.0;2.0;1.0;0.0;C01
201400035704;0;1;0;0.0;2.0;0.0;19.0;C01
201400035713;0;1;0;0.0;2.0;0.0;19.0;C01
201400035714;0;1;0;0.0;2.0;6.0;19.0;A01
201400035746;0;1;0;0.0;2.0;4.0;1.0;B01
201400035757;0;1;0;0.0;2.0;8.0;19.0;B01
201400035767;0;1;0;0.0;0.0;8.0;1.0;B01
201400035787;0;1;0;0.0;2.0;7.0;17.0;B01
201400035789;0;1;0;0.0;2.0;1.0;2.0;B01
201400035814;0;1;0;0.0;2.0;1.0;0.0;B01
201400035821;0;1;0;0.0;2.0;1.0;0.0;B01
201400035825;0;1;0;0.0;0.0;8.0;0.0;B01
201400035832;0;1;0;0.0;2.0;1.0;1.0;B01
201400035877;0;1;0;0.0;2.0;1.0;1.0;B01
201400035898;0;1;0;0.0;2.0;1.0;5.0;A01
201400035905;0;1;0;0.0;0.0;4.0;3.0;B01
201400035914;0;1;0;0.0;0.0;4.0;2.0;B01
201400035933;0;1;0;0.0;2.0;8.0;1.0;B01
201400035949;1;1;0;0.0;0.0;1.0;1.0;A01
201400035954;0;1;0;0.0;0.0;0.0;0.0;A01
201400035983;0;1;0;0.0;2.0;8.0;9.0;B01
201400035986;0;1;0;0.0;9.0;1.0;17.0;A01
201400035986;0;1;0;0.0;9.0;4.0;0.0;B01
201400036013;0;1;0;0.0;2.0;4.0;2.0;B01
201400036047;0;1;0;0.0;2.0;8.0;13.0;B01
201400036070;0;1;0;0.0;2.0;2.0;5.0;A01
201400036078;0;1;0;0.0;2.0;8.0;1.0;B01
201400036090;0;1;0;0.0;0.0;1.0;19.0;B01
201400036097;0;1;0;0.0;2.0;7.0;17.0;B01
201400036105;0;1;0;0.0;2.0;1.0;1.0;B01
201400036106;0;1;0;0.0;2.0;1.0;1.0;A01
201400036111;0;1;0;0.0;2.0;1.0;1.0;B01
201400036118;0;1;0;1.0;0.0;0.0;21.0;B01
201400036123;0;1;0;0.0;2.0;2.0;13.0;B01
201400036127;0;1;0;0.0;0.0;3.0;1.0;B01
201400036130;0;1;0;1.0;2.0;1.0;0.0;B01
201400036145;0;1;0;0.0;1.0;1.0;0.0;A01
201400036151;0;1;0;0.0;2.0;1.0;1.0;B01
201400036155;0;1;0;0.0;2.0;1.0;1.0;B01
201400036200;0;1;0;0.0;2.0;1.0;1.0;B01
201400036204;0;1;0;0.0;0.0;0.0;0.0;B01
201400036225;0;1;0;0.0;2.0;1.0;1.0;B01
201400036247;0;1;0;0.0;2.0;7.0;2.0;B01
201400036323;0;1;0;0.0;2.0;4.0;1.0;B01
201400036327;0;1;0;0.0;2.0;2.0;15.0;B01
201400036331;0;1;0;0.0;2.0;4.0;1.0;B01
201400036335;0;1;0;0.0;2.0;1.0;1.0;B01
201400036341;0;1;0;0.0;2.0;7.0;1.0;B01
201400036348;0;1;0;0.0;2.0;1.0;14.0;A01
201400036366;0;1;0;0.0;2.0;1.0;1.0;B01
201400036379;0;1;0;0.0;2.0;1.0;1.0;A01
201400036383;0;1;0;0.0;2.0;1.0;1.0;A01
201400036388;0;1;0;0.0;2.0;7.0;1.0;B01
201400036390;0;1;0;0.0;2.0;1.0;1.0;B01
201400036418;0;1;0;0.0;2.0;8.0;19.0;B01
201400036442;0;1;0;0.0;2.0;1.0;1.0;B01
201400036445;0;1;0;0.0;1.0;1.0;21.0;A01
201400036462;0;1;0;0.0;2.0;3.0;17.0;A01
201400036472;0;1;0;0.0;2.0;7.0;19.0;A01
201400036484;0;1;0;0.0;2.0;1.0;1.0;B01
201400036499;0;1;0;0.0;0.0;4.0;2.0;B01
201400036507;0;1;0;0.0;0.0;6.0;15.0;B01
201400036530;0;1;0;0.0;2.0;7.0;1.0;B01
201400036532;0;1;0;0.0;2.0;4.0;1.0;B01
201400036547;0;1;0;14.0;0.0;1.0;18.0;A01
201400036553;0;1;0;0.0;2.0;4.0;2.0;B01
201400036553;0;1;0;0.0;2.0;4.0;2.0;C01
201400036558;0;1;0;0.0;2.0;1.0;1.0;B01
201400036560;0;1;0;12.0;0.0;1.0;0.0;A01
201400036563;0;1;0;0.0;2.0;1.0;1.0;B01
201400036567;0;1;0;0.0;2.0;9.0;1.0;A01
201400036595;0;1;0;0.0;2.0;1.0;1.0;A01
201400036608;0;1;0;0.0;0.0;7.0;15.0;B01
201400036610;0;1;0;0.0;2.0;6.0;2.0;B01
201400036627;0;1;0;0.0;0.0;0.0;0.0;A01
201400036654;0;1;0;1.0;0.0;1.0;1.0;B01
201400036657;0;1;0;0.0;2.0;1.0;1.0;B01
201400036676;0;1;0;0.0;2.0;1.0;1.0;B01
201400036676;0;1;0;0.0;2.0;1.0;1.0;C01
201400036686;0;1;0;2.0;0.0;1.0;14.0;A01
201400036692;0;1;0;0.0;2.0;1.0;1.0;B01
201400036693;0;1;0;0.0;2.0;4.0;15.0;B01
201400036718;0;1;0;0.0;2.0;4.0;2.0;B01
201400036745;0;1;0;0.0;2.0;0.0;0.0;B01
201400036746;0;1;0;0.0;2.0;1.0;1.0;B01
201400036761;0;1;0;0.0;2.0;1.0;9.0;B01
201400036765;0;1;0;0.0;2.0;8.0;2.0;B01
201400036817;0;1;0;0.0;2.0;1.0;2.0;B01
201400036841;0;1;0;0.0;2.0;0.0;19.0;A01
201400036847;0;1;0;0.0;2.0;4.0;1.0;B01
201400036857;0;1;0;0.0;2.0;3.0;19.0;B01
201400036865;0;1;0;0.0;2.0;7.0;1.0;B01
201400036885;0;1;0;0.0;2.0;7.0;19.0;B01
201400036903;0;1;0;0.0;2.0;7.0;19.0;A01
201400036910;0;1;0;0.0;2.0;7.0;0.0;B01
201400036911;0;1;0;0.0;2.0;1.0;19.0;B01
201400036924;0;1;0;0.0;2.0;0.0;1.0;B01
201400036938;0;1;0;0.0;2.0;7.0;1.0;B01
201400036988;0;1;0;0.0;0.0;5.0;1.0;B01
201400037010;0;1;0;0.0;2.0;8.0;13.0;B01
201400037051;0;1;0;12.0;2.0;8.0;1.0;B01
201400037053;0;1;0;3.0;2.0;4.0;1.0;B01
201400037076;0;1;0;0.0;0.0;8.0;1.0;C01
201400037078;0;1;0;0.0;0.0;8.0;19.0;A01
201400037079;0;1;0;0.0;2.0;1.0;1.0;B01
201400037080;0;1;0;0.0;2.0;8.0;15.0;B01
201400037087;0;1;0;0.0;2.0;7.0;1.0;B01
201400037088;0;1;0;0.0;2.0;4.0;3.0;B01
201400037088;0;1;0;0.0;2.0;8.0;2.0;C01
201400037096;0;1;0;0.0;0.0;4.0;2.0;B01
201400037104;0;1;0;0.0;2.0;8.0;1.0;B01
201400037106;0;1;0;0.0;0.0;8.0;19.0;B01
201400037109;0;1;0;0.0;2.0;7.0;9.0;B01
201400037115;0;1;0;0.0;0.0;8.0;1.0;B01
201400037125;0;1;0;0.0;2.0;9.0;0.0;B01
201400037148;0;1;0;0.0;2.0;9.0;0.0;B01
201400037154;0;1;0;0.0;2.0;1.0;19.0;B01
201400037169;0;1;0;0.0;2.0;1.0;1.0;B01
201400037170;0;1;0;0.0;2.0;8.0;13.0;B01
201400037172;0;1;0;0.0;1.0;1.0;1.0;A01
201400037177;0;1;0;0.0;2.0;8.0;19.0;A01
201400037188;0;1;0;0.0;2.0;7.0;1.0;B01
201400037190;0;1;0;0.0;2.0;3.0;1.0;B01
201400037193;0;1;0;0.0;2.0;2.0;1.0;B01
201400037194;0;1;0;0.0;2.0;2.0;13.0;A01
201400037194;0;1;0;0.0;2.0;1.0;1.0;B01
201400037195;0;1;0;0.0;2.0;7.0;19.0;A01
201400037196;0;1;0;0.0;2.0;8.0;1.0;B01
201400037200;0;1;0;0.0;2.0;7.0;1.0;B01
201400037201;0;1;0;0.0;2.0;1.0;15.0;B01
201400037203;0;1;0;0.0;2.0;1.0;5.0;A01
201400037204;0;1;0;0.0;2.0;7.0;1.0;B01
201400037205;0;1;0;0.0;2.0;1.0;1.0;B01
201400037212;0;1;0;0.0;2.0;1.0;1.0;B01
201400037224;0;1;0;0.0;2.0;1.0;5.0;A01
201400037226;0;1;0;0.0;2.0;1.0;5.0;A01
201400037236;0;1;0;2.0;2.0;1.0;1.0;A01
201400037242;0;1;0;0.0;2.0;1.0;23.0;B01
201400037285;0;1;0;0.0;2.0;3.0;19.0;B01
201400037286;0;1;0;0.0;2.0;8.0;9.0;B01
201400037304;0;1;0;0.0;2.0;1.0;1.0;A01
201400037314;0;1;0;0.0;2.0;8.0;1.0;B01
201400037356;0;1;0;0.0;2.0;7.0;1.0;B01
201400037358;0;1;0;0.0;2.0;3.0;19.0;A01
201400037360;0;1;0;0.0;2.0;7.0;1.0;B01
201400037365;0;1;0;0.0;2.0;7.0;1.0;B01
201400037376;0;1;0;0.0;2.0;1.0;15.0;B01
201400037397;0;1;0;0.0;2.0;7.0;1.0;B01
201400037426;0;1;0;0.0;2.0;8.0;0.0;B01
201400037433;0;1;0;0.0;2.0;4.0;1.0;B01
201400037436;0;1;0;0.0;2.0;4.0;16.0;B01
201400037439;0;1;0;0.0;2.0;1.0;8.0;B01
201400037441;0;1;0;0.0;2.0;1.0;8.0;A01
201400037444;0;1;0;0.0;2.0;8.0;0.0;B01
201400037444;0;1;0;0.0;2.0;8.0;0.0;C01
201400037470;1;1;0;0.0;2.0;1.0;1.0;Z01
201400037492;0;1;0;0.0;0.0;0.0;0.0;A01
201400037548;0;1;0;0.0;2.0;4.0;1.0;B01
201400037575;0;1;0;1.0;0.0;1.0;1.0;B01
201400037596;0;1;0;0.0;2.0;1.0;1.0;A01
201400037609;0;1;0;0.0;2.0;7.0;1.0;A01
201400037618;0;1;0;0.0;2.0;1.0;1.0;B01
201400037649;0;1;0;0.0;2.0;1.0;3.0;B01
201400037659;0;1;0;0.0;2.0;2.0;14.0;B01
201400037698;0;1;0;0.0;2.0;1.0;1.0;A01
201400037729;0;1;0;0.0;0.0;7.0;1.0;A01
201400037730;0;1;0;0.0;2.0;8.0;19.0;B01
201400037735;0;1;0;0.0;2.0;1.0;1.0;A01
201400037755;0;1;0;0.0;2.0;1.0;1.0;B01
201400037789;0;1;0;0.0;0.0;8.0;1.0;A01
201400037793;0;1;0;0.0;0.0;0.0;21.0;B01
201400037819;0;1;0;0.0;0.0;0.0;0.0;A01
201400037823;0;1;0;0.0;2.0;2.0;16.0;B01
201400037824;0;1;0;0.0;2.0;1.0;1.0;A01
201400037866;0;1;0;0.0;2.0;7.0;1.0;B01
201400037878;0;1;0;12.0;0.0;0.0;2.0;A01
201400037892;0;1;0;;2.0;1.0;1.0;B02
201400037896;0;1;0;0.0;2.0;1.0;1.0;B01
201400037902;0;1;0;0.0;2.0;7.0;1.0;B01
201400037922;0;1;0;0.0;2.0;1.0;1.0;B01
201400037927;0;1;0;0.0;2.0;1.0;1.0;A01
201400037963;0;1;0;0.0;2.0;3.0;1.0;B01
201400037966;0;1;0;0.0;2.0;1.0;5.0;A01
201400037976;0;1;0;0.0;2.0;8.0;11.0;B01
201400038005;0;1;0;0.0;2.0;1.0;1.0;B01