Num_Acc;senc;catv;occutc;obs;obsm;choc;manv;num_veh
201400038021;0;1;0;0.0;2.0;3.0;0.0;B01
201400038035;0;1;0;0.0;2.0;0.0;0.0;B01
201400038036;0;1;0;0.0;1.0;1.0;1.0;A01
201400038042;0;1;0;0.0;2.0;1.0;0.0;A01
201400038045;0;1;0;0.0;2.0;8.0;19.0;B01
201400038046;0;1;0;0.0;9.0;1.0;15.0;B01
201400038055;0;1;0;0.0;2.0;7.0;0.0;B01
201400038068;1;1;0;0.0;1.0;0.0;0.0;A01
201400038072;0;1;0;0.0;2.0;1.0;2.0;A01
201400038086;0;1;0;0.0;2.0;4.0;0.0;B01
201400038098;0;1;0;0.0;2.0;2.0;2.0;B01
201400038101;0;1;0;0.0;2.0;0.0;0.0;B01
201400038157;0;1;0;0.0;2.0;1.0;1.0;A01
201400038161;0;1;0;0.0;2.0;1.0;1.0;A01
201400038163;0;1;0;0.0;2.0;9.0;1.0;B01
201400038171;0;1;0;0.0;2.0;1.0;18.0;A01
201400038172;0;1;0;0.0;2.0;1.0;1.0;A01
201400038221;0;1;0;0.0;2.0;1.0;1.0;B01
201400038230;0;1;0;4.0;0.0;1.0;1.0;A01
201400038238;0;1;0;0.0;2.0;7.0;1.0;B01
201400038249;0;1;0;0.0;2.0;1.0;1.0;A01
201400038254;0;1;0;0.0;2.0;8.0;15.0;B01
201400038263;0;1;0;0.0;2.0;1.0;19.0;B01
201400038267;0;1;0;0.0;2.0;4.0;1.0;B01
201400038277;0;1;0;0.0;2.0;4.0;2.0;B01
201400038287;0;1;0;0.0;2.0;1.0;1.0;A01
201400038291;0;1;0;0.0;2.0;1.0;5.0;A01
201400038341;0;1;0;0.0;2.0;2.0;1.0;A01
201400038344;0;1;0;0.0;2.0;1.0;19.0;B01
201400038348;0;1;0;0.0;2.0;7.0;1.0;B01
201400038402;0;1;0;0.0;2.0;1.0;1.0;B01
201400038436;0;1;0;16.0;0.0;0.0;1.0;A01
201400038444;0;1;0;0.0;0.0;0.0;1.0;A01
201400038466;0;1;0;0.0;1.0;1.0;1.0;A01
201400038467;0;1;0;0.0;2.0;1.0;9.0;A01
201400038480;0;1;0;8.0;0.0;1.0;1.0;A01
201400038499;0;1;0;0.0;2.0;1.0;1.0;A01
201400038508;0;1;0;0.0;0.0;0.0;0.0;A01
201400038509;0;1;0;12.0;0.0;7.0;14.0;A01
201400038611;0;1;0;0.0;2.0;8.0;15.0;B01
201400038621;0;1;0;0.0;2.0;8.0;0.0;B01
201400038633;0;1;0;0.0;2.0;3.0;19.0;B01
201400038667;0;1;0;0.0;2.0;1.0;2.0;B01
201400038672;0;1;0;0.0;2.0;8.0;1.0;B01
201400038677;0;1;0;0.0;2.0;1.0;1.0;B01
201400038679;0;1;0;0.0;2.0;1.0;1.0;B01
201400038706;0;1;0;0.0;2.0;1.0;1.0;B01
201400038750;0;1;0;0.0;2.0;1.0;2.0;B01
201400038752;0;1;0;0.0;2.0;7.0;1.0;B01
201400038774;0;1;0;0.0;2.0;1.0;1.0;B01
201400038777;0;1;0;0.0;2.0;1.0;1.0;A01
201400038786;0;1;0;0.0;2.0;8.0;0.0;B01
201400038795;0;1;0;0.0;1.0;1.0;1.0;A01
201400038819;0;1;0;0.0;2.0;2.0;1.0;A01
201400038824;0;1;0;0.0;2.0;1.0;16.0;B01
201400038834;0;1;0;0.0;2.0;1.0;1.0;B01
201400038842;0;1;0;0.0;2.0;1.0;0.0;B01
201400038856;0;1;0;0.0;1.0;1.0;1.0;A01
201400038857;0;1;0;0.0;2.0;1.0;1.0;B01
201400038872;0;1;0;0.0;2.0;1.0;1.0;B01
201400038876;0;1;0;0.0;2.0;1.0;1.0;B01
201400038877;0;1;0;0.0;2.0;7.0;1.0;B01
201400038898;0;1;0;0.0;2.0;3.0;1.0;B01
201400038914;0;1;0;0.0;2.0;0.0;0.0;B01
201400038918;0;1;0;0.0;2.0;1.0;2.0;B01
201400038923;0;1;0;0.0;2.0;0.0;2.0;B01
201400038933;0;1;0;0.0;2.0;1.0;15.0;B01
201400038962;0;1;0;0.0;1.0;0.0;0.0;A01
201400038972;0;1;0;0.0;2.0;4.0;2.0;A01
201400038990;0;1;0;0.0;1.0;1.0;5.0;A01
201400039006;0;1;0;0.0;2.0;1.0;1.0;B01
201400039050;0;1;0;0.0;2.0;8.0;10.0;B01
201400039077;0;1;0;0.0;2.0;2.0;1.0;A01
201400039085;0;1;0;0.0;2.0;8.0;1.0;B01
201400039091;0;1;0;0.0;2.0;7.0;1.0;A01
201400039097;0;1;0;0.0;2.0;8.0;1.0;B01
201400039105;0;1;0;0.0;2.0;1.0;1.0;B01
201400039127;0;1;0;0.0;0.0;0.0;1.0;A01
201400039130;0;1;0;0.0;2.0;8.0;1.0;B01
201400039132;0;1;0;0.0;2.0;4.0;1.0;B01
201400039134;0;1;0;0.0;2.0;7.0;19.0;B01
201400039136;0;1;0;0.0;2.0;7.0;17.0;B01
201400039143;0;1;0;0.0;2.0;1.0;1.0;B01
201400039146;0;1;0;0.0;2.0;7.0;1.0;B01
201400039175;0;1;0;0.0;2.0;8.0;1.0;B01
201400039190;0;1;0;0.0;1.0;1.0;5.0;A01
201400039200;0;1;0;0.0;1.0;1.0;1.0;A01
201400039201;0;1;0;0.0;2.0;1.0;1.0;B01
201400039209;0;1;0;0.0;2.0;1.0;11.0;A01
201400039210;0;1;0;0.0;2.0;5.0;19.0;B01
201400039216;0;1;0;0.0;2.0;1.0;2.0;A01
201400039220;0;1;0;1.0;0.0;1.0;1.0;A01
201400039230;0;1;0;0.0;2.0;3.0;19.0;B01
201400039233;0;1;0;0.0;2.0;1.0;2.0;A01
201400039253;0;1;0;0.0;2.0;1.0;19.0;B01
201400039259;0;1;0;0.0;1.0;1.0;1.0;A01
201400039263;0;1;0;0.0;2.0;4.0;1.0;B01
201400039266;0;1;0;0.0;2.0;4.0;1.0;B01
201400039269;0;1;0;0.0;2.0;1.0;1.0;A01
201400039270;0;1;0;0.0;2.0;7.0;1.0;B01
201400039282;0;1;0;1.0;0.0;1.0;1.0;B01
201400039290;0;1;0;0.0;2.0;1.0;1.0;B01
201400039295;0;1;0;0.0;2.0;1.0;5.0;A01
201400039301;0;1;0;0.0;2.0;4.0;1.0;B01
201400039317;0;1;0;0.0;2.0;5.0;7.0;B01
201400039318;0;1;0;0.0;2.0;1.0;13.0;B01
201400039324;0;1;0;1.0;0.0;1.0;1.0;B01
201400039329;0;1;0;1.0;0.0;1.0;1.0;B01
201400039334;0;1;0;0.0;2.0;1.0;2.0;A01
201400039341;0;1;0;1.0;0.0;0.0;1.0;B01
201400039409;0;1;0;0.0;2.0;1.0;19.0;B01
201400039435;0;1;0;0.0;2.0;4.0;1.0;A01
201400039446;0;1;0;0.0;2.0;1.0;2.0;B01
201400039449;0;1;0;1.0;0.0;1.0;17.0;B01
201400039469;0;1;0;1.0;2.0;1.0;1.0;B01
201400039493;0;1;0;0.0;2.0;8.0;1.0;B01
201400039505;0;1;0;0.0;0.0;0.0;1.0;A01
201400039515;0;1;0;0.0;2.0;1.0;17.0;A01
201400039554;0;1;0;1.0;0.0;1.0;21.0;B01
201400039560;0;1;0;0.0;2.0;1.0;19.0;B01
201400039577;0;1;0;0.0;2.0;0.0;1.0;B01
201400039592;0;1;0;0.0;0.0;0.0;1.0;A01
201400039594;0;1;0;0.0;2.0;7.0;19.0;B01
201400039599;0;1;0;0.0;2.0;7.0;1.0;B01
201400039612;0;1;0;0.0;0.0;6.0;1.0;B01
201400039625;0;1;0;0.0;2.0;9.0;14.0;B01
201400039639;0;1;0;0.0;2.0;1.0;1.0;B01
201400039640;0;1;0;0.0;1.0;1.0;0.0;A01
201400039661;0;1;0;14.0;2.0;1.0;2.0;A01
201400039679;0;1;0;0.0;2.0;5.0;1.0;B01
201400039683;1;1;0;0.0;2.0;0.0;0.0;Y01
201400039686;0;1;0;0.0;2.0;1.0;2.0;A01
201400039687;0;1;0;0.0;2.0;4.0;1.0;Y01
201400039702;0;1;0;0.0;2.0;7.0;5.0;B01
201400039707;0;1;0;0.0;0.0;0.0;0.0;Y01
201400039716;0;1;0;0.0;0.0;0.0;0.0;A01
201400039727;0;1;0;0.0;2.0;1.0;1.0;B01
201400039729;0;1;0;0.0;2.0;1.0;18.0;B01
201400039731;0;1;0;0.0;2.0;8.0;2.0;A01
201400039732;0;1;0;0.0;2.0;8.0;2.0;A01
201400039767;0;1;0;0.0;2.0;8.0;19.0;B01
201400039785;0;1;0;0.0;2.0;1.0;19.0;A01
201400039800;0;1;0;0.0;2.0;4.0;10.0;A01
201400039835;2;1;0;0.0;1.0;1.0;1.0;A01
201400039838;0;1;0;0.0;2.0;1.0;17.0;B01
201400039841;0;1;0;0.0;0.0;4.0;2.0;B01
201400039859;0;1;0;0.0;0.0;1.0;1.0;A01
201400039861;0;1;0;0.0;2.0;0.0;15.0;A01
201400039869;0;1;0;0.0;2.0;1.0;1.0;B01
201400039882;1;1;0;0.0;1.0;1.0;1.0;Z01
201400039890;0;1;0;0.0;0.0;4.0;2.0;B01
201400039895;0;1;0;0.0;2.0;1.0;1.0;B01
201400039903;0;1;0;0.0;2.0;8.0;1.0;B01
201400039909;0;1;0;0.0;1.0;1.0;3.0;A01
201400039926;0;1;0;1.0;0.0;2.0;1.0;A01
201400039930;0;1;0;0.0;2.0;8.0;1.0;B01
201400039933;0;1;0;0.0;2.0;1.0;1.0;A01
201400039948;0;1;0;0.0;1.0;1.0;1.0;A01
201400039963;0;1;0;0.0;2.0;0.0;0.0;B01
201400039991;0;1;0;1.0;0.0;0.0;0.0;A01
201400039992;0;1;0;0.0;0.0;2.0;14.0;A01
201400040009;0;1;0;0.0;9.0;0.0;0.0;A01
201400040037;0;1;0;1.0;0.0;8.0;13.0;A01
201400040110;0;1;0;1.0;0.0;1.0;1.0;A01
201400040122;0;1;0;12.0;0.0;1.0;16.0;A01
201400040132;0;1;0;0.0;2.0;1.0;1.0;B01
201400040138;0;1;0;0.0;2.0;0.0;1.0;B01
201400040140;0;1;0;1.0;2.0;0.0;1.0;A01
201400040141;0;1;0;0.0;0.0;1.0;1.0;A01
201400040142;0;1;0;0.0;2.0;7.0;1.0;A01
201400040151;0;1;0;0.0;2.0;1.0;1.0;A01
201400040153;0;1;0;1.0;0.0;1.0;1.0;B01
201400040157;0;1;0;0.0;2.0;5.0;1.0;B01
201400040223;0;1;0;1.0;0.0;1.0;1.0;B01
201400040227;0;1;0;0.0;2.0;1.0;1.0;B01
201400040228;0;1;0;0.0;2.0;4.0;1.0;B01
201400040244;0;1;0;0.0;2.0;1.0;1.0;B01
201400040265;0;1;0;11.0;0.0;1.0;1.0;A01
201400040280;0;1;0;0.0;2.0;1.0;17.0;B01
201400040282;0;1;0;0.0;1.0;1.0;1.0;A01
201400040295;0;1;0;0.0;2.0;1.0;17.0;A01
201400040302;0;1;0;0.0;2.0;1.0;1.0;B01
201400040306;0;1;0;0.0;2.0;1.0;2.0;A01
201400040319;0;1;0;0.0;2.0;1.0;21.0;Y01
201400040325;0;1;0;0.0;2.0;1.0;1.0;B01
201400040330;0;1;0;0.0;1.0;1.0;1.0;A01
201400040335;0;1;0;0.0;2.0;0.0;19.0;C01
201400040340;0;1;0;0.0;2.0;3.0;15.0;B01
201400040347;0;1;0;0.0;2.0;8.0;10.0;B01
201400040357;0;1;0;0.0;2.0;1.0;1.0;B01
201400040369;0;1;0;0.0;2.0;4.0;2.0;B01
201400040379;0;1;0;0.0;2.0;0.0;2.0;B01
201400040399;0;1;0;1.0;0.0;1.0;1.0;B01
201400040417;0;1;0;0.0;2.0;1.0;1.0;A01
201400040419;0;1;0;1.0;0.0;1.0;1.0;B01
201400040438;0;1;0;1.0;0.0;0.0;1.0;B01
201400040465;0;1;0;0.0;2.0;1.0;0.0;A01
201400040466;0;1;0;0.0;2.0;1.0;1.0;B01
201400040491;0;1;0;0.0;2.0;1.0;16.0;B01
201400040496;0;1;0;0.0;2.0;8.0;19.0;A01
201400040498;0;1;0;0.0;2.0;1.0;1.0;B01
201400040500;0;1;0;0.0;2.0;7.0;19.0;B01
201400040503;0;1;0;0.0;2.0;1.0;19.0;B01
201400040509;0;1;0;0.0;2.0;7.0;19.0;B01
201400040510;0;1;0;0.0;2.0;1.0;1.0;B01
201400040514;0;1;0;0.0;2.0;1.0;1.0;B01
201400040523;0;1;0;0.0;9.0;1.0;0.0;A01
201400040526;0;1;0;12.0;0.0;1.0;1.0;A01
201400040528;0;1;0;0.0;2.0;1.0;1.0;A01
201400040553;0;1;0;0.0;2.0;1.0;1.0;B01
201400040562;0;1;0;0.0;0.0;0.0;0.0;A01
201400040573;0;1;0;0.0;0.0;0.0;0.0;B01
201400040618;0;1;0;0.0;0.0;0.0;0.0;A01
201400040621;0;1;0;0.0;2.0;0.0;2.0;A01
201400040623;0;1;0;0.0;2.0;4.0;2.0;B01
201400040630;0;1;0;0.0;2.0;8.0;2.0;B01
201400040635;0;1;0;0.0;2.0;6.0;1.0;B01
201400040653;0;1;0;0.0;2.0;8.0;15.0;B01
201400040664;0;1;0;0.0;2.0;1.0;2.0;A01
201400040674;0;1;0;0.0;2.0;1.0;2.0;B01
201400040680;0;1;0;1.0;0.0;1.0;2.0;B01
201400040683;0;1;0;0.0;2.0;1.0;1.0;A01
201400040688;0;1;0;0.0;2.0;1.0;5.0;A01
201400040691;0;1;0;0.0;2.0;6.0;1.0;A01
201400040694;0;1;0;0.0;2.0;1.0;0.0;B01
201400040713;0;1;0;0.0;2.0;7.0;15.0;B01
201400040714;0;1;0;0.0;2.0;1.0;17.0;B01
201400040753;0;1;0;0.0;2.0;4.0;16.0;B01
201400040765;0;1;0;0.0;2.0;1.0;17.0;B01
201400040767;0;1;0;0.0;2.0;7.0;1.0;B01
201400040771;0;1;0;0.0;2.0;1.0;5.0;B01
201400040773;0;1;0;0.0;2.0;1.0;21.0;B01
201400040778;0;1;0;0.0;1.0;1.0;0.0;A01
201400040783;0;1;0;0.0;2.0;1.0;5.0;A01
201400040791;0;1;0;0.0;0.0;0.0;0.0;A01
201400040804;0;1;0;0.0;2.0;1.0;15.0;B01
201400040816;0;1;0;0.0;2.0;1.0;1.0;B01
201400040845;0;1;0;0.0;2.0;6.0;15.0;A01
201400040856;0;1;0;0.0;2.0;6.0;1.0;B01
201400040857;0;1;0;0.0;2.0;1.0;1.0;A01
201400040859;0;1;0;0.0;2.0;8.0;1.0;B01
201400040874;0;1;0;0.0;0.0;0.0;1.0;A01
201400040877;0;1;0;0.0;2.0;1.0;1.0;B01
201400040888;0;1;0;0.0;2.0;1.0;2.0;B01
201400040895;0;1;0;0.0;2.0;1.0;1.0;B01
201400040900;0;1;0;0.0;2.0;5.0;1.0;B01
201400040907;0;1;0;0.0;0.0;0.0;1.0;A01
201400040916;0;1;0;0.0;0.0;0.0;0.0;A01
201400040927;0;1;0;0.0;0.0;1.0;1.0;A01
201400040945;0;1;0;0.0;2.0;1.0;2.0;B01
201400040948;0;1;0;0.0;0.0;1.0;1.0;A01
201400040953;0;1;0;0.0;2.0;1.0;13.0;A01
201400040963;0;1;0;0.0;2.0;1.0;1.0;B01
201400040978;0;1;0;0.0;2.0;1.0;1.0;B01
201400041034;0;1;0;0.0;2.0;1.0;17.0;A01
201400041037;0;1;0;0.0;2.0;8.0;16.0;B01
201400041043;0;1;0;1.0;0.0;1.0;1.0;B01
201400041048;0;1;0;13.0;0.0;1.0;1.0;A01
201400041061;0;1;0;0.0;0.0;1.0;1.0;A01
201400041062;0;1;0;0.0;1.0;1.0;1.0;A01
201400041063;0;1;0;0.0;2.0;1.0;1.0;A01
201400041064;1;1;0;0.0;1.0;1.0;1.0;A01
201400041067;0;1;0;0.0;2.0;1.0;1.0;A01
201400041069;0;1;0;0.0;0.0;0.0;1.0;A01
201400041078;0;1;0;0.0;2.0;1.0;1.0;B01
201400041090;0;1;0;0.0;2.0;8.0;1.0;B01
201400041091;0;1;0;0.0;0.0;0.0;1.0;A01
201400041098;0;1;0;0.0;2.0;1.0;16.0;A01
201400041114;0;1;0;0.0;2.0;1.0;1.0;A01
201400041122;0;1;0;0.0;2.0;1.0;1.0;B01
201400041135;0;1;0;0.0;2.0;2.0;19.0;B01
201400041151;0;1;0;0.0;0.0;0.0;21.0;A01
201400041157;0;1;0;12.0;0.0;1.0;0.0;A01
201400041176;0;1;0;0.0;2.0;1.0;1.0;B01
201400041187;0;1;0;0.0;2.0;8.0;1.0;B01
201400041188;0;1;0;0.0;2.0;8.0;1.0;A01
201400041204;0;1;0;0.0;2.0;7.0;1.0;B01
201400041212;0;1;0;0.0;2.0;0.0;1.0;B01
201400041213;0;1;0;0.0;2.0;1.0;1.0;B01
201400041234;0;1;0;0.0;1.0;1.0;1.0;A01
201400041235;0;1;0;0.0;2.0;0.0;1.0;B01
201400041236;0;1;0;0.0;0.0;8.0;15.0;B01
201400041238;0;1;0;8.0;0.0;1.0;1.0;A01
201400041270;0;1;0;1.0;0.0;1.0;0.0;A01
201400041327;0;1;0;0.0;2.0;0.0;0.0;B01
201400041339;0;1;0;0.0;0.0;1.0;18.0;B01
201400041370;0;1;0;0.0;2.0;3.0;17.0;A01
201400041377;0;1;0;0.0;2.0;8.0;1.0;A01
201400041378;0;1;0;1.0;0.0;1.0;1.0;B01
201400041379;0;1;0;0.0;2.0;8.0;2.0;A01
201400041403;0;1;0;0.0;0.0;1.0;1.0;B01
201400041426;0;1;0;0.0;2.0;8.0;1.0;B01
201400041442;0;1;0;0.0;1.0;1.0;1.0;A01
201400041449;0;1;0;0.0;2.0;1.0;17.0;B01
201400041456;0;1;0;0.0;2.0;1.0;1.0;B01
201400041463;0;1;0;0.0;2.0;1.0;19.0;B01
201400041465;0;1;0;0.0;2.0;1.0;1.0;A01
201400041466;0;1;0;0.0;2.0;7.0;1.0;A01
201400041511;0;1;0;0.0;2.0;1.0;0.0;B01
201400041514;0;1;0;0.0;2.0;8.0;1.0;A01
201400041519;0;1;0;0.0;2.0;1.0;5.0;B01
201400041521;0;1;0;0.0;0.0;4.0;2.0;B01
201400041523;0;1;0;0.0;2.0;8.0;1.0;B01
201400041526;0;1;0;0.0;0.0;1.0;0.0;B01
201400041540;0;1;0;1.0;0.0;3.0;1.0;A01
201400041591;0;1;0;0.0;2.0;1.0;0.0;B01
201400041594;0;1;0;0.0;2.0;7.0;0.0;A01
201400041601;0;1;0;0.0;2.0;0.0;17.0;B01
201400041626;0;1;0;0.0;0.0;0.0;0.0;B01
201400041643;0;1;0;0.0;0.0;0.0;1.0;A01
201400041660;0;1;0;0.0;0.0;8.0;5.0;B01
201400041701;0;1;0;0.0;2.0;7.0;0.0;A01
201400041703;0;1;0;0.0;2.0;4.0;15.0;B01
201400041762;0;1;0;0.0;0.0;0.0;0.0;B01
201400041774;0;1;0;0.0;2.0;1.0;0.0;Y01
201400041804;0;1;0;0.0;0.0;4.0;1.0;B01
201400041959;0;1;0;0.0;0.0;0.0;0.0;B01
201400041970;0;1;0;0.0;2.0;1.0;19.0;B01
201400041974;0;1;0;0.0;0.0;8.0;2.0;B01
201400041975;0;1;0;0.0;2.0;1.0;1.0;B01
201400042057;0;1;0;0.0;2.0;1.0;19.0;B01
201400042058;0;1;0;0.0;2.0;8.0;0.0;B01
201400042062;0;1;0;0.0;2.0;6.0;19.0;B01
201400042101;0;1;0;0.0;2.0;1.0;0.0;B01
201400042155;0;1;0;0.0;0.0;4.0;1.0;B01
201400042164;0;1;0;1.0;2.0;2.0;19.0;A01
201400042175;0;1;0;0.0;2.0;8.0;19.0;B01
201400042211;0;1;0;0.0;2.0;8.0;1.0;A01
201400042236;0;1;0;0.0;2.0;4.0;15.0;B01
201400042238;0;1;0;0.0;2.0;3.0;3.0;B01
201400042239;0;1;0;0.0;2.0;0.0;17.0;B01
201400042279;0;1;0;0.0;2.0;0.0;0.0;B01
201400042303;0;1;0;0.0;1.0;8.0;19.0;A01
201400042331;0;1;0;0.0;0.0;0.0;0.0;A01
201400042421;0;1;0;0.0;9.0;1.0;1.0;Y01
201400042422;0;1;0;0.0;2.0;1.0;1.0;B01
201400042440;0;1;0;0.0;0.0;0.0;0.0;B01
201400042451;0;1;0;0.0;2.0;1.0;1.0;B01
201400042497;0;1;0;0.0;2.0;3.0;15.0;A01
201400042533;0;1;0;15.0;2.0;8.0;2.0;B01
201400042539;0;1;0;0.0;2.0;1.0;1.0;A01
201400042575;0;1;0;0.0;2.0;0.0;1.0;B01
201400042594;0;1;0;0.0;2.0;1.0;9.0;A01
201400042616;0;1;0;0.0;2.0;7.0;2.0;B01
201400042632;0;1;0;0.0;2.0;3.0;16.0;B01
201400042639;0;1;0;0.0;0.0;8.0;18.0;B01
201400042645;0;1;0;0.0;1.0;1.0;1.0;A01
201400042660;0;1;0;1.0;2.0;1.0;2.0;A01
201400042666;0;1;0;0.0;2.0;3.0;1.0;B01
201400042673;0;1;0;14.0;0.0;1.0;0.0;B01
201400042675;0;1;0;0.0;2.0;1.0;23.0;B01
201400042678;0;1;0;0.0;2.0;1.0;7.0;B01
201400042680;0;1;0;0.0;0.0;2.0;1.0;B01
201400042692;0;1;0;0.0;0.0;0.0;19.0;B01
201400042705;0;1;0;0.0;2.0;4.0;13.0;B01
201400042710;0;1;0;0.0;0.0;7.0;2.0;B01
201400042726;0;1;0;0.0;1.0;0.0;2.0;A01
201400042757;0;1;0;0.0;0.0;1.0;5.0;B01
201400042758;0;1;0;0.0;2.0;1.0;1.0;B01
201400042761;0;1;0;0.0;2.0;7.0;2.0;A01
201400042764;0;1;0;0.0;2.0;8.0;0.0;B01
201400042776;0;1;0;0.0;2.0;8.0;19.0;B01
201400042799;0;1;0;0.0;2.0;2.0;1.0;B01
201400042817;0;1;0;0.0;2.0;1.0;13.0;A01
201400042817;0;1;0;0.0;2.0;1.0;2.0;B01
201400042859;0;1;0;0.0;2.0;0.0;16.0;B01
201400042884;0;1;0;0.0;0.0;1.0;14.0;A01
201400042923;0;1;0;0.0;0.0;0.0;0.0;B01
201400042936;0;1;0;0.0;0.0;2.0;15.0;A01
201400042961;0;1;0;0.0;0.0;8.0;1.0;B01
201400042970;0;1;0;0.0;2.0;8.0;9.0;B01
201400042978;0;1;0;0.0;2.0;0.0;2.0;B01
201400042997;0;1;0;0.0;2.0;7.0;1.0;A01
201400043042;0;1;0;0.0;2.0;1.0;16.0;A01
201400043063;0;1;0;0.0;1.0;0.0;5.0;A01
201400043067;0;1;0;0.0;1.0;1.0;1.0;A01
201400043091;0;1;0;0.0;2.0;1.0;1.0;A01
201400043130;0;1;0;0.0;0.0;8.0;1.0;B01
201400043150;0;1;0;0.0;2.0;1.0;5.0;A01
201400043162;0;1;0;0.0;2.0;4.0;9.0;B01
201400043202;0;1;0;0.0;0.0;8.0;19.0;A01
201400043215;0;1;0;1.0;2.0;1.0;2.0;B01
201400043292;0;1;0;0.0;2.0;1.0;0.0;B01
201400043310;2;1;0;0.0;1.0;1.0;1.0;Z01
201400043316;0;1;0;0.0;1.0;4.0;2.0;A01
201400043330;0;1;0;0.0;0.0;0.0;0.0;Y01
201400043396;0;1;0;1.0;0.0;7.0;1.0;B01
201400043418;0;1;0;0.0;2.0;3.0;11.0;B01
201400043426;0;1;0;0.0;2.0;8.0;1.0;B01
201400043445;0;1;0;0.0;2.0;8.0;19.0;B01
201400043450;0;1;0;0.0;2.0;1.0;1.0;A01
201400043468;0;1;0;0.0;2.0;1.0;1.0;B01
201400043473;0;1;0;0.0;2.0;0.0;2.0;B01
201400043474;0;1;0;0.0;0.0;8.0;19.0;B01
201400043478;0;1;0;0.0;0.0;1.0;1.0;B01
201400043510;0;1;0;0.0;2.0;5.0;1.0;B01
201400043528;0;1;0;0.0;2.0;7.0;1.0;B01
201400043636;0;1;0;0.0;2.0;1.0;1.0;A01
201400043640;0;1;0;0.0;0.0;1.0;0.0;A01
201400043652;0;1;0;0.0;2.0;6.0;0.0;B01
201400043670;0;1;0;1.0;9.0;1.0;2.0;B01
201400043689;0;1;0;1.0;2.0;3.0;1.0;B01
201400043737;0;1;0;0.0;2.0;8.0;1.0;B01
201400043763;0;1;0;0.0;0.0;0.0;1.0;A01
201400043785;0;1;0;0.0;2.0;3.0;1.0;B01
201400043797;0;1;0;0.0;2.0;3.0;19.0;A01
201400043837;0;1;0;0.0;2.0;1.0;1.0;B01
201400043841;0;1;0;0.0;2.0;7.0;1.0;B01
201400043846;0;1;0;0.0;2.0;1.0;1.0;B01
201400043873;0;1;0;0.0;2.0;4.0;1.0;B01
201400043873;0;1;0;0.0;2.0;4.0;1.0;A01
201400043874;0;1;0;0.0;2.0;1.0;1.0;A01
201400043895;0;1;0;0.0;2.0;1.0;19.0;A01
201400043920;0;1;0;0.0;2.0;1.0;1.0;A01
201400043935;0;1;0;0.0;0.0;0.0;0.0;B01
201400043969;0;1;0;14.0;2.0;4.0;21.0;B01
201400043973;0;1;0;1.0;2.0;1.0;1.0;B01
201400043993;0;1;0;0.0;2.0;1.0;1.0;B01
201400043998;0;1;0;1.0;0.0;1.0;17.0;B01
201400044015;0;1;0;0.0;1.0;4.0;1.0;B01
201400044028;0;1;0;0.0;2.0;1.0;15.0;B01
201400044043;0;1;0;0.0;2.0;7.0;1.0;B01
201400044062;0;1;0;0.0;2.0;1.0;2.0;A01
201400044063;0;1;0;0.0;2.0;1.0;1.0;A01
201400044078;0;1;0;0.0;2.0;1.0;1.0;A01