Num_Acc;senc;catv;occutc;obs;obsm;choc;manv;num_veh
201400044086;0;1;0;0.0;2.0;8.0;1.0;B01
201400044088;0;1;0;0.0;2.0;1.0;2.0;B01
201400044108;0;1;0;0.0;2.0;1.0;1.0;A01
201400044133;0;1;0;0.0;0.0;4.0;2.0;B01
201400044182;0;1;0;0.0;2.0;1.0;1.0;B01
201400044193;0;1;0;0.0;2.0;1.0;19.0;B01
201400044211;0;1;0;0.0;2.0;1.0;1.0;B01
201400044215;0;1;0;0.0;2.0;4.0;1.0;B01
201400044261;0;1;0;0.0;2.0;1.0;9.0;A01
201400044272;0;1;0;0.0;2.0;7.0;1.0;B01
201400044284;0;1;0;0.0;2.0;1.0;2.0;A01
201400044296;0;1;0;0.0;2.0;1.0;5.0;B01
201400044318;0;1;0;0.0;1.0;1.0;7.0;A01
201400044333;0;1;0;0.0;2.0;1.0;1.0;B01
201400044380;0;1;0;0.0;2.0;7.0;15.0;B01
201400044386;0;1;0;0.0;2.0;8.0;1.0;A01
201400044401;0;1;0;0.0;0.0;0.0;0.0;A01
201400044403;0;1;0;0.0;2.0;1.0;1.0;B01
201400044412;0;1;0;1.0;0.0;1.0;1.0;B01
201400044421;0;1;0;0.0;2.0;7.0;1.0;B01
201400044429;0;1;0;0.0;2.0;1.0;1.0;B01
201400044432;0;1;0;0.0;0.0;7.0;1.0;A01
201400044439;0;1;0;0.0;2.0;2.0;1.0;B01
201400044450;0;1;0;0.0;2.0;3.0;1.0;B01
201400044454;1;1;0;0.0;1.0;1.0;1.0;Z01
201400044457;0;1;0;0.0;1.0;1.0;1.0;A01
201400044461;0;1;0;0.0;2.0;7.0;16.0;B01
201400044464;0;1;0;0.0;2.0;1.0;1.0;B01
201400044478;0;1;0;0.0;2.0;2.0;19.0;B01
201400044497;0;1;0;0.0;2.0;1.0;2.0;A01
201400044498;0;1;0;0.0;2.0;1.0;2.0;B01
201400044524;0;1;0;0.0;2.0;1.0;5.0;A01
201400044528;0;1;0;0.0;1.0;1.0;1.0;A01
201400044529;0;1;0;0.0;2.0;1.0;1.0;A01
201400044551;0;1;0;0.0;0.0;8.0;0.0;B01
201400044569;0;1;0;0.0;2.0;1.0;2.0;B01
201400044617;0;1;0;0.0;2.0;7.0;1.0;B01
201400044619;0;1;0;0.0;2.0;7.0;19.0;B01
201400044636;0;1;0;0.0;2.0;7.0;1.0;B01
201400044643;0;1;0;0.0;2.0;1.0;2.0;A01
201400044658;0;1;0;0.0;2.0;4.0;15.0;B01
201400044660;0;1;0;0.0;2.0;1.0;1.0;A01
201400044664;0;1;0;0.0;2.0;1.0;1.0;B01
201400044668;0;1;0;0.0;2.0;4.0;2.0;B01
201400044701;0;1;0;0.0;2.0;4.0;1.0;B01
201400044718;0;1;0;0.0;2.0;7.0;2.0;A01
201400044724;0;1;0;0.0;2.0;6.0;1.0;B01
201400044743;0;1;0;0.0;2.0;1.0;1.0;A01
201400044749;0;1;0;1.0;2.0;4.0;11.0;A01
201400044754;0;1;0;0.0;0.0;2.0;2.0;B01
201400044754;0;1;0;0.0;0.0;6.0;2.0;A01
201400044761;0;1;0;0.0;0.0;4.0;2.0;B01
201400044762;0;1;0;0.0;0.0;0.0;1.0;B01
201400044803;0;1;0;0.0;1.0;1.0;8.0;A01
201400044821;0;1;0;0.0;2.0;8.0;13.0;A01
201400044827;0;1;0;0.0;2.0;8.0;2.0;B01
201400044849;0;1;0;0.0;2.0;3.0;15.0;B01
201400044853;0;1;0;0.0;2.0;8.0;19.0;A01
201400044854;0;1;0;0.0;2.0;1.0;8.0;B01
201400044862;0;1;0;1.0;0.0;1.0;17.0;B01
201400044885;0;1;0;0.0;2.0;1.0;5.0;A01
201400044903;0;1;0;0.0;2.0;8.0;16.0;B01
201400044925;0;1;0;0.0;2.0;8.0;19.0;B01
201400044928;0;1;0;0.0;2.0;4.0;15.0;B01
201400044930;0;1;0;0.0;2.0;1.0;1.0;A01
201400044942;0;1;0;0.0;2.0;8.0;19.0;B01
201400044943;0;1;0;0.0;2.0;1.0;1.0;B01
201400044960;0;1;0;0.0;2.0;1.0;1.0;B01
201400044989;0;1;0;0.0;2.0;1.0;1.0;B01
201400045029;0;1;0;0.0;1.0;1.0;5.0;A01
201400045036;0;1;0;0.0;2.0;4.0;15.0;B01
201400045041;0;1;0;0.0;2.0;1.0;1.0;B01
201400045051;0;1;0;0.0;2.0;4.0;1.0;B01
201400045055;0;1;0;0.0;2.0;3.0;5.0;A01
201400045070;0;1;0;0.0;2.0;1.0;1.0;B01
201400045076;0;1;0;0.0;2.0;1.0;1.0;B01
201400045091;0;1;0;0.0;2.0;1.0;1.0;B01
201400045106;0;1;0;0.0;2.0;0.0;2.0;A01
201400045107;0;1;0;0.0;2.0;1.0;1.0;B01
201400045145;0;1;0;0.0;2.0;4.0;1.0;B01
201400045146;0;1;0;0.0;2.0;7.0;5.0;B01
201400045150;0;1;0;0.0;2.0;1.0;1.0;B01
201400045166;0;1;0;0.0;2.0;8.0;9.0;B01
201400045174;0;1;0;0.0;2.0;4.0;15.0;B01
201400045186;0;1;0;0.0;2.0;1.0;11.0;A01
201400045188;0;1;0;0.0;2.0;4.0;1.0;B01
201400045192;0;1;0;0.0;2.0;1.0;1.0;B01
201400045194;0;1;0;0.0;2.0;1.0;2.0;B01
201400045201;0;1;0;0.0;2.0;1.0;1.0;A01
201400045243;0;1;0;0.0;2.0;1.0;1.0;B01
201400045245;0;1;0;0.0;2.0;3.0;1.0;B01
201400045299;0;1;0;0.0;2.0;1.0;1.0;A01
201400045352;0;1;0;0.0;2.0;1.0;19.0;A01
201400045354;0;1;0;0.0;2.0;1.0;1.0;B02
201400045382;0;1;0;0.0;2.0;2.0;15.0;A01
201400045388;0;1;0;0.0;0.0;4.0;2.0;B01
201400045407;0;1;0;0.0;2.0;1.0;21.0;B01
201400045409;0;1;0;1.0;2.0;1.0;1.0;B01
201400045412;0;1;0;0.0;1.0;1.0;1.0;A01
201400045423;0;1;0;0.0;2.0;8.0;19.0;B02
201400045431;0;1;0;0.0;2.0;1.0;9.0;A01
201400045433;0;1;0;0.0;2.0;1.0;1.0;B01
201400045436;0;1;0;1.0;2.0;1.0;1.0;B01
201400045437;0;1;0;0.0;2.0;1.0;1.0;B01
201400045445;0;1;0;0.0;2.0;7.0;1.0;B01
201400045450;0;1;0;0.0;2.0;8.0;19.0;B01
201400045456;0;1;0;0.0;2.0;3.0;18.0;B01
201400045464;0;1;0;0.0;2.0;1.0;1.0;B01
201400045472;0;1;0;1.0;0.0;1.0;1.0;B01
201400045531;0;1;0;0.0;2.0;1.0;1.0;B01
201400045553;0;1;0;0.0;2.0;2.0;1.0;B01
201400045572;0;1;0;0.0;2.0;3.0;1.0;B01
201400045579;0;1;0;0.0;1.0;1.0;1.0;A01
201400045624;0;1;0;0.0;2.0;8.0;1.0;B01
201400045677;0;1;0;0.0;2.0;4.0;19.0;A01
201400045680;0;1;0;0.0;2.0;1.0;1.0;B01
201400045695;0;1;0;0.0;2.0;1.0;1.0;A01
201400045701;0;1;0;0.0;0.0;3.0;18.0;B01
201400045710;0;1;0;0.0;2.0;3.0;15.0;B01
201400045715;0;1;0;0.0;2.0;1.0;1.0;B01
201400045728;0;1;0;0.0;2.0;8.0;1.0;B01
201400045734;1;1;0;0.0;1.0;7.0;1.0;Z01
201400045741;0;1;0;0.0;2.0;1.0;1.0;B01
201400045742;0;1;0;0.0;2.0;1.0;1.0;B01
201400045765;0;1;0;0.0;2.0;6.0;2.0;A01
201400045795;0;1;0;0.0;2.0;1.0;9.0;B01
201400045800;0;1;0;0.0;2.0;5.0;19.0;B01
201400045830;0;1;0;0.0;2.0;7.0;9.0;B01
201400045834;0;1;0;0.0;2.0;1.0;1.0;B01
201400045839;0;1;0;0.0;2.0;4.0;2.0;A01
201400045842;0;1;0;11.0;0.0;1.0;1.0;A01
201400045886;0;1;0;0.0;2.0;7.0;1.0;B01
201400045932;0;1;0;0.0;2.0;2.0;1.0;B01
201400045939;0;1;0;0.0;2.0;4.0;1.0;B01
201400045940;0;1;0;0.0;0.0;4.0;2.0;B01
201400045947;0;1;0;0.0;2.0;1.0;1.0;A01
201400045963;0;1;0;1.0;0.0;1.0;1.0;B01
201400045973;0;1;0;0.0;2.0;1.0;1.0;A01
201400045975;0;1;0;0.0;2.0;2.0;15.0;B01
201400045987;0;1;0;0.0;2.0;8.0;19.0;B01
201400045991;0;1;0;0.0;2.0;1.0;19.0;B01
201400045997;0;1;0;0.0;2.0;8.0;15.0;B01
201400046003;0;1;0;0.0;2.0;1.0;1.0;B01
201400046005;0;1;0;0.0;2.0;1.0;1.0;B01
201400046008;0;1;0;0.0;2.0;1.0;1.0;B01
201400046015;0;1;0;0.0;2.0;1.0;1.0;A01
201400046022;0;1;0;0.0;2.0;8.0;2.0;B01
201400046023;0;1;0;0.0;2.0;8.0;1.0;A01
201400046026;0;1;0;0.0;2.0;7.0;1.0;B01
201400046031;0;1;0;0.0;2.0;2.0;13.0;B01
201400046032;0;1;0;0.0;2.0;1.0;19.0;B01
201400046041;0;1;0;0.0;2.0;7.0;1.0;B01
201400046042;0;1;0;0.0;2.0;1.0;1.0;B01
201400046046;0;1;0;0.0;2.0;4.0;19.0;B01
201400046048;0;1;0;0.0;2.0;1.0;1.0;B01
201400046054;0;1;0;0.0;2.0;7.0;1.0;B01
201400046095;0;1;0;0.0;2.0;8.0;13.0;B01
201400046248;0;1;0;0.0;2.0;7.0;1.0;A01
201400046251;0;1;0;0.0;2.0;3.0;16.0;A01
201400046251;0;1;0;15.0;2.0;3.0;15.0;B01
201400046267;0;1;0;9.0;2.0;1.0;5.0;A01
201400046348;0;1;0;0.0;1.0;0.0;0.0;A01
201400046354;0;1;0;0.0;1.0;1.0;1.0;A01
201400046355;0;1;0;0.0;2.0;2.0;1.0;B01
201400046357;0;1;0;0.0;2.0;1.0;1.0;A01
201400046362;0;1;0;0.0;0.0;0.0;0.0;B01
201400046368;0;1;0;0.0;2.0;7.0;15.0;A01
201400047752;0;1;0;0.0;2.0;8.0;18.0;B01
201400049153;0;1;0;0.0;2.0;1.0;13.0;A01
201400049160;0;1;0;0.0;2.0;1.0;17.0;B01
201400049192;0;1;0;0.0;2.0;1.0;1.0;B01
201400049202;0;1;0;0.0;2.0;7.0;1.0;B01
201400049225;0;1;0;0.0;2.0;1.0;1.0;B01
201400049320;0;1;0;0.0;2.0;4.0;14.0;B01
201400049321;0;1;0;1.0;2.0;1.0;1.0;B01
201400049322;0;1;0;0.0;1.0;0.0;2.0;A01
201400049327;0;1;0;0.0;4.0;3.0;19.0;B01
201400049336;0;1;0;1.0;0.0;1.0;1.0;B01
201400049341;0;1;0;0.0;2.0;0.0;0.0;B01
201400049349;0;1;0;1.0;0.0;0.0;2.0;B01
201400049350;0;1;0;0.0;1.0;1.0;0.0;A01
201400049356;0;1;0;0.0;2.0;1.0;19.0;B01
201400049359;0;1;0;0.0;1.0;1.0;1.0;A01
201400049371;0;1;0;0.0;2.0;1.0;1.0;B01
201400049379;0;1;0;0.0;2.0;3.0;19.0;A01
201400049391;0;1;0;0.0;2.0;4.0;17.0;B01
201400049568;0;1;0;0.0;2.0;7.0;1.0;B01
201400049574;0;1;0;0.0;2.0;0.0;1.0;B01
201400049578;0;1;0;0.0;2.0;1.0;2.0;B01
201400049586;0;1;0;1.0;0.0;7.0;1.0;B01
201400049588;0;1;0;0.0;1.0;1.0;0.0;A01
201400049596;0;1;0;0.0;2.0;8.0;1.0;B01
201400049597;0;1;0;0.0;2.0;1.0;11.0;A01
201400049598;0;1;0;0.0;2.0;4.0;2.0;B01
201400049609;0;1;0;0.0;2.0;8.0;13.0;A01
201400049614;0;1;0;1.0;0.0;1.0;7.0;B01
201400049616;0;1;0;0.0;2.0;8.0;1.0;B01
201400049619;0;1;0;0.0;2.0;8.0;15.0;B01
201400049621;1;1;0;0.0;1.0;2.0;0.0;Z01
201400049623;0;1;0;0.0;2.0;1.0;1.0;A01
201400049627;0;1;0;0.0;0.0;1.0;1.0;B01
201400049636;0;1;0;0.0;2.0;8.0;16.0;B01
201400049639;0;1;0;0.0;2.0;2.0;1.0;B01
201400049642;0;1;0;0.0;2.0;1.0;1.0;B01
201400049650;0;1;0;0.0;2.0;1.0;1.0;B01
201400049655;0;1;0;0.0;2.0;3.0;1.0;A01
201400049656;0;1;0;1.0;0.0;7.0;16.0;B01
201400049661;0;1;0;0.0;1.0;0.0;1.0;A01
201400049662;0;1;0;0.0;1.0;1.0;1.0;A01
201400049666;0;1;0;0.0;2.0;1.0;2.0;B01
201400049667;0;1;0;0.0;2.0;7.0;21.0;B01
201400049669;0;1;0;0.0;2.0;1.0;1.0;B01
201400049675;0;1;0;0.0;2.0;8.0;15.0;B01
201400049677;0;1;0;0.0;2.0;0.0;21.0;B01
201400049677;0;1;0;0.0;2.0;0.0;6.0;A01
201400049678;0;1;0;0.0;2.0;3.0;19.0;A01
201400049682;0;1;0;0.0;2.0;2.0;5.0;A01
201400049685;0;1;0;0.0;2.0;1.0;0.0;B01
201400049688;0;1;0;1.0;2.0;2.0;2.0;C01
201400049689;0;1;0;0.0;2.0;1.0;23.0;D01
201400049703;0;1;0;1.0;2.0;1.0;2.0;B01
201400049705;0;1;0;0.0;2.0;0.0;1.0;A01
201400049709;0;1;0;0.0;2.0;1.0;1.0;A01
201400049714;0;1;0;0.0;2.0;8.0;2.0;A01
201400049715;0;1;0;0.0;2.0;7.0;1.0;B01
201400049716;0;1;0;0.0;2.0;7.0;1.0;B01
201400049726;0;1;0;0.0;2.0;1.0;0.0;B01
201400049728;0;1;0;0.0;2.0;0.0;14.0;B01
201400049733;0;1;0;0.0;2.0;1.0;1.0;B01
201400049735;0;1;0;0.0;2.0;1.0;1.0;A01
201400049736;0;1;0;0.0;0.0;1.0;1.0;B01
201400049742;0;1;0;0.0;2.0;8.0;11.0;A01
201400049743;0;1;0;0.0;0.0;7.0;5.0;A01
201400049745;0;1;0;0.0;2.0;1.0;2.0;A01
201400049758;0;1;0;0.0;2.0;8.0;2.0;B01
201400049764;0;1;0;0.0;2.0;8.0;1.0;A01
201400049764;0;1;0;0.0;2.0;1.0;1.0;B01
201400049771;0;1;0;0.0;2.0;8.0;0.0;B01
201400049778;0;1;0;0.0;2.0;4.0;15.0;B01
201400049783;0;1;0;0.0;2.0;1.0;0.0;B01
201400049788;0;1;0;0.0;2.0;0.0;2.0;A01
201400049790;0;1;0;0.0;2.0;1.0;1.0;A01
201400049792;0;1;0;0.0;2.0;0.0;1.0;B01
201400049793;0;1;0;0.0;2.0;8.0;1.0;B01
201400049794;0;1;0;1.0;0.0;1.0;9.0;B01
201400049798;0;1;0;0.0;0.0;3.0;1.0;B01
201400049803;0;1;0;0.0;1.0;1.0;1.0;A01
201400049808;0;1;0;0.0;2.0;1.0;1.0;B01
201400049816;0;1;0;0.0;1.0;1.0;2.0;A01
201400049819;0;1;0;0.0;2.0;6.0;1.0;B01
201400049821;0;1;0;0.0;2.0;1.0;1.0;B01
201400049821;0;1;0;0.0;2.0;1.0;17.0;A01
201400049838;0;1;0;0.0;2.0;4.0;1.0;B01
201400049840;0;1;0;1.0;0.0;1.0;1.0;A01
201400049843;0;1;0;0.0;2.0;8.0;1.0;B01
201400049847;0;1;0;0.0;2.0;0.0;1.0;B01
201400049852;0;1;0;0.0;0.0;7.0;19.0;B01
201400050095;0;1;0;0.0;2.0;1.0;1.0;B01
201400050112;0;1;0;0.0;2.0;1.0;9.0;B01
201400050115;0;1;0;0.0;0.0;0.0;1.0;A01
201400050119;0;1;0;0.0;2.0;4.0;1.0;A01
201400050120;0;1;0;2.0;0.0;0.0;1.0;A01
201400050125;0;1;0;0.0;2.0;1.0;1.0;B01
201400050222;0;1;0;0.0;2.0;0.0;1.0;B01
201400050225;0;1;0;0.0;2.0;8.0;19.0;B01
201400050249;0;1;0;0.0;1.0;1.0;15.0;A01
201400050257;0;1;0;0.0;2.0;4.0;2.0;B01
201400050261;0;1;0;0.0;2.0;1.0;5.0;A01
201400050261;0;1;0;0.0;2.0;1.0;1.0;B01
201400050265;0;1;0;0.0;2.0;1.0;19.0;B01
201400050298;0;1;0;0.0;4.0;7.0;14.0;A01
201400050305;0;1;0;0.0;2.0;6.0;1.0;B01
201400050328;0;1;0;0.0;2.0;7.0;19.0;A01
201400050335;0;1;0;0.0;2.0;1.0;19.0;B01
201400050338;0;1;0;0.0;2.0;1.0;1.0;B01
201400050340;0;1;0;0.0;2.0;7.0;1.0;A01
201400050341;0;1;0;0.0;2.0;8.0;7.0;B01
201400050356;0;1;0;1.0;0.0;1.0;1.0;B01
201400050375;0;1;0;0.0;2.0;4.0;2.0;B01
201400050391;0;1;0;0.0;2.0;8.0;19.0;A01
201400050396;0;1;0;0.0;2.0;3.0;13.0;A01
201400050399;0;1;0;0.0;1.0;1.0;1.0;A01
201400050412;0;1;0;0.0;2.0;1.0;19.0;A01
201400050416;0;1;0;0.0;2.0;3.0;15.0;A01
201400050417;0;1;0;0.0;2.0;0.0;19.0;A01
201400050419;0;1;0;1.0;0.0;2.0;2.0;B01
201400050428;0;1;0;0.0;2.0;8.0;1.0;B01
201400050432;0;1;0;0.0;2.0;3.0;1.0;B01
201400050434;0;1;0;0.0;2.0;0.0;1.0;B01
201400050435;0;1;0;0.0;2.0;1.0;1.0;B01
201400050443;0;1;0;0.0;0.0;8.0;19.0;A01
201400050444;0;1;0;0.0;2.0;8.0;2.0;B01
201400050447;0;1;0;0.0;2.0;8.0;15.0;A01
201400050459;0;1;0;0.0;2.0;1.0;1.0;A01
201400050460;0;1;0;0.0;2.0;8.0;2.0;B01
201400050477;0;1;0;0.0;2.0;8.0;19.0;A01
201400050486;0;1;0;0.0;2.0;1.0;1.0;A01
201400050486;0;1;0;0.0;2.0;1.0;1.0;B01
201400050487;0;1;0;0.0;2.0;3.0;1.0;B01
201400050716;0;1;0;0.0;2.0;1.0;12.0;A01
201400050725;0;1;0;0.0;0.0;8.0;19.0;B01
201400050755;0;1;0;0.0;0.0;0.0;0.0;T01
201400050827;1;1;0;0.0;0.0;0.0;1.0;Z01
201400051011;0;1;0;0.0;2.0;1.0;1.0;A01
201400051018;0;1;0;0.0;0.0;0.0;0.0;A01
201400051025;0;1;0;1.0;0.0;1.0;1.0;A01
201400051035;0;1;0;0.0;2.0;2.0;1.0;B01
201400051038;0;1;0;0.0;2.0;8.0;9.0;B01
201400051047;0;1;0;0.0;2.0;4.0;15.0;B01
201400051053;0;1;0;0.0;0.0;0.0;1.0;A01
201400051063;0;1;0;14.0;0.0;1.0;1.0;A01
201400051078;0;1;0;0.0;2.0;8.0;5.0;A01
201400051669;0;1;0;0.0;2.0;4.0;17.0;B01
201400051673;0;1;0;0.0;2.0;3.0;19.0;B01
201400051675;0;1;0;0.0;1.0;1.0;1.0;A01
201400051682;0;1;0;0.0;2.0;7.0;16.0;B01
201400051683;0;1;0;0.0;2.0;3.0;1.0;C01
201400051684;0;1;0;0.0;2.0;3.0;15.0;B01
201400051694;0;1;0;0.0;2.0;3.0;7.0;B01
201400051704;0;1;0;0.0;1.0;1.0;1.0;A01
201400051709;0;1;0;0.0;2.0;0.0;13.0;A01
201400051723;0;1;0;0.0;2.0;7.0;1.0;B01
201400051733;0;1;0;0.0;2.0;0.0;2.0;A01
201400051733;0;1;0;0.0;2.0;0.0;2.0;B01
201400051739;0;1;0;0.0;1.0;2.0;1.0;A01
201400051744;0;1;0;0.0;0.0;0.0;21.0;A01
201400051756;0;1;0;0.0;2.0;1.0;5.0;A01
201400051763;0;1;0;0.0;2.0;0.0;1.0;B01
201400051764;0;1;0;0.0;1.0;0.0;1.0;A01
201400051772;0;1;0;0.0;1.0;1.0;16.0;A01
201400051773;0;1;0;0.0;2.0;6.0;7.0;B01
201400051776;0;1;0;0.0;2.0;4.0;1.0;B01
201400051778;0;1;0;0.0;2.0;1.0;7.0;A01
201400051784;0;1;0;0.0;2.0;1.0;1.0;B01
201400051791;0;1;0;0.0;2.0;0.0;1.0;C01
201400051791;0;1;0;0.0;2.0;8.0;17.0;B01
201400051797;0;1;0;0.0;2.0;7.0;15.0;B01
201400051801;0;1;0;0.0;2.0;7.0;15.0;A01
201400051804;0;1;0;0.0;2.0;1.0;18.0;B01
201400051808;0;1;0;0.0;2.0;1.0;17.0;B01
201400051815;2;1;0;0.0;1.0;0.0;5.0;Z01
201400051822;0;1;0;0.0;1.0;1.0;7.0;A01
201400051826;0;1;0;0.0;0.0;0.0;1.0;A01
201400051827;0;1;0;0.0;2.0;1.0;5.0;A01
201400051864;0;1;0;0.0;2.0;0.0;1.0;B01
201400051866;0;1;0;0.0;2.0;2.0;19.0;B01
201400051873;0;1;0;0.0;2.0;7.0;1.0;A01
201400051875;0;1;0;0.0;2.0;8.0;1.0;A01
201400051878;0;1;0;0.0;2.0;3.0;1.0;B01
201400051882;0;1;0;0.0;2.0;4.0;11.0;B01
201400051906;0;1;0;0.0;2.0;2.0;15.0;A01
201400051909;0;1;0;0.0;2.0;0.0;1.0;A01
201400051918;0;1;0;0.0;2.0;1.0;1.0;A01
201400051921;0;1;0;0.0;2.0;8.0;7.0;B01
201400051924;0;1;0;0.0;1.0;1.0;1.0;A01
201400051928;0;1;0;0.0;2.0;0.0;1.0;B01
201400051933;0;1;0;0.0;2.0;4.0;17.0;A01
201400051936;0;1;0;0.0;2.0;1.0;1.0;B01
201400051952;0;1;0;0.0;2.0;4.0;7.0;B01
201400051954;0;1;0;0.0;0.0;0.0;7.0;A01
201400051991;0;1;0;0.0;2.0;1.0;5.0;A01
201400051992;0;1;0;0.0;2.0;1.0;1.0;B01
201400051994;0;1;0;0.0;2.0;2.0;1.0;A01
201400051996;0;1;0;0.0;2.0;8.0;1.0;B01
201400052005;0;1;0;0.0;1.0;7.0;1.0;A01
201400052006;0;1;0;0.0;2.0;1.0;7.0;B01
201400052009;0;1;0;0.0;2.0;1.0;11.0;A01
201400052010;0;1;0;0.0;1.0;7.0;1.0;A01
201400052017;0;1;0;1.0;2.0;1.0;1.0;B01
201400052019;0;1;0;0.0;2.0;1.0;7.0;B01
201400052021;0;1;0;0.0;0.0;0.0;1.0;A01
201400052040;0;1;0;0.0;2.0;7.0;19.0;A01
201400052047;0;1;0;0.0;2.0;1.0;2.0;A01
201400052050;0;1;0;0.0;2.0;3.0;7.0;B01
201400052055;0;1;0;0.0;2.0;4.0;15.0;B01
201400052057;0;1;0;0.0;2.0;1.0;5.0;B01
201400052058;0;1;0;12.0;2.0;3.0;7.0;A01
201400052060;0;1;0;0.0;2.0;1.0;16.0;B01
201400052067;0;1;0;0.0;2.0;1.0;7.0;B01
201400052069;0;1;0;0.0;2.0;8.0;7.0;A01
201400052076;0;1;0;0.0;2.0;8.0;1.0;B01
201400052077;0;1;0;0.0;2.0;8.0;1.0;A01
201400052084;1;1;0;0.0;1.0;0.0;1.0;A01
201400052088;0;1;0;1.0;0.0;0.0;7.0;B01
201400052089;0;1;0;0.0;1.0;0.0;1.0;A01
201400052102;0;1;0;0.0;2.0;1.0;1.0;B01
201400052106;0;1;0;0.0;2.0;3.0;1.0;B01
201400052112;0;1;0;0.0;2.0;8.0;11.0;A01
201400052113;0;1;0;0.0;2.0;3.0;15.0;A01
201400052113;0;1;0;0.0;2.0;5.0;1.0;B01
201400052114;0;1;0;0.0;2.0;0.0;7.0;B01
201400052122;0;1;0;0.0;2.0;1.0;1.0;A01
201400052126;0;1;0;0.0;2.0;1.0;1.0;B01
201400052142;0;1;0;0.0;2.0;8.0;7.0;B01
201400052143;0;1;0;0.0;2.0;0.0;1.0;B01
201400052145;0;1;0;0.0;1.0;1.0;7.0;A01
201400052146;0;1;0;0.0;2.0;4.0;1.0;B01
201400052153;0;1;0;0.0;2.0;4.0;13.0;B01
201400052171;0;1;0;0.0;2.0;3.0;1.0;A01
201400052177;0;1;0;0.0;2.0;1.0;7.0;C01
201400052197;0;1;0;0.0;1.0;0.0;1.0;A01
201400052198;0;1;0;0.0;2.0;0.0;23.0;B01
201400052212;0;1;0;0.0;2.0;0.0;1.0;A01
201400052213;0;1;0;0.0;2.0;3.0;7.0;B01
201400052221;0;1;0;0.0;2.0;3.0;11.0;A01
201400052226;0;1;0;0.0;1.0;8.0;1.0;A01
201400052241;0;1;0;0.0;1.0;7.0;1.0;A01
201400052243;0;1;0;1.0;1.0;1.0;1.0;A01
201400052250;0;1;0;0.0;1.0;1.0;1.0;A01
201400052253;0;1;0;0.0;2.0;4.0;1.0;A01
201400052275;0;1;0;0.0;2.0;8.0;11.0;A01
201400052290;0;1;0;0.0;0.0;0.0;7.0;A01
201400052297;0;1;0;0.0;0.0;1.0;1.0;A01
201400052299;0;1;0;0.0;1.0;0.0;7.0;A01
201400052309;0;1;0;0.0;2.0;7.0;17.0;B01
201400052313;0;1;0;0.0;2.0;1.0;15.0;A01
201400052317;0;1;0;0.0;2.0;1.0;1.0;B01
201400052323;0;1;0;0.0;2.0;4.0;19.0;A01
201400052325;0;1;0;0.0;1.0;0.0;1.0;A01
201400052329;0;1;0;0.0;2.0;3.0;7.0;B01
201400052333;0;1;0;0.0;2.0;1.0;7.0;B01
201400052346;0;1;0;0.0;2.0;8.0;19.0;B01
201400052350;0;1;0;1.0;2.0;1.0;18.0;B01
201400052356;0;1;0;0.0;2.0;0.0;7.0;A01
201400052357;0;1;0;0.0;2.0;7.0;1.0;A01
201400052358;0;1;0;0.0;2.0;1.0;1.0;B01