Num_Acc;senc;catv;occutc;obs;obsm;choc;manv;num_veh
201400052359;0;1;0;0.0;1.0;1.0;1.0;A01
201400052369;0;1;0;0.0;1.0;1.0;7.0;A01
201400052374;0;1;0;0.0;0.0;0.0;0.0;A01
201400052390;0;1;0;0.0;1.0;1.0;1.0;A01
201400052391;0;1;0;0.0;1.0;1.0;1.0;A01
201400052392;0;1;0;0.0;1.0;1.0;1.0;A01
201400052406;0;1;0;0.0;2.0;8.0;1.0;B01
201400052408;0;1;0;0.0;2.0;1.0;15.0;A01
201400052411;0;1;0;0.0;0.0;3.0;7.0;A01
201400052414;0;1;0;0.0;2.0;1.0;1.0;B01
201400052415;0;1;0;0.0;2.0;1.0;1.0;B01
201400052420;0;1;0;1.0;2.0;1.0;1.0;B01
201400052425;0;1;0;0.0;2.0;8.0;13.0;A01
201400052440;0;1;0;0.0;2.0;0.0;1.0;B01
201400052442;0;1;0;0.0;1.0;1.0;1.0;A01
201400052447;0;1;0;0.0;1.0;1.0;1.0;A01
201400052448;0;1;0;0.0;1.0;1.0;1.0;A01
201400052450;0;1;0;0.0;1.0;3.0;7.0;A01
201400052457;0;1;0;0.0;2.0;0.0;7.0;B01
201400052457;0;1;0;0.0;2.0;0.0;7.0;A01
201400052458;0;1;0;0.0;1.0;1.0;1.0;A01
201400052462;0;1;0;0.0;2.0;0.0;1.0;B01
201400052471;0;1;0;0.0;2.0;7.0;14.0;A01
201400052472;0;1;0;0.0;1.0;1.0;1.0;A01
201400052474;0;1;0;0.0;2.0;6.0;15.0;B01
201400052494;0;1;0;0.0;1.0;2.0;1.0;A01
201400052498;0;1;0;0.0;2.0;3.0;1.0;B01
201400052507;0;1;0;0.0;2.0;1.0;1.0;B01
201400052513;0;1;0;0.0;2.0;8.0;7.0;B01
201400052515;0;1;0;0.0;2.0;2.0;1.0;A01
201400052517;0;1;0;0.0;2.0;1.0;7.0;B01
201400052522;0;1;0;1.0;2.0;1.0;1.0;B01
201400052531;0;1;0;0.0;1.0;1.0;1.0;A01
201400052536;0;1;0;0.0;2.0;7.0;16.0;B01
201400052537;0;1;0;0.0;1.0;1.0;1.0;A01
201400052545;0;1;0;0.0;2.0;7.0;14.0;B01
201400052554;0;1;0;0.0;2.0;1.0;9.0;A01
201400052563;0;1;0;0.0;2.0;8.0;15.0;B01
201400052565;0;1;0;0.0;0.0;0.0;1.0;A01
201400052567;0;1;0;0.0;2.0;1.0;2.0;A01
201400052584;0;1;0;1.0;2.0;1.0;1.0;B01
201400052590;0;1;0;0.0;1.0;7.0;5.0;A01
201400052591;0;1;0;0.0;2.0;7.0;7.0;A01
201400052592;0;1;0;1.0;2.0;7.0;1.0;B01
201400052596;0;1;0;0.0;2.0;5.0;23.0;B01
201400052602;0;1;0;0.0;2.0;7.0;1.0;B01
201400052603;0;1;0;0.0;2.0;6.0;15.0;A01
201400052609;0;1;0;0.0;2.0;1.0;1.0;B01
201400052611;1;1;0;0.0;2.0;0.0;14.0;Z01
201400052611;0;1;0;0.0;2.0;0.0;1.0;A01
201400052613;0;1;0;0.0;0.0;0.0;1.0;A01
201400052614;0;1;0;0.0;2.0;8.0;1.0;B01
201400052621;0;1;0;0.0;0.0;0.0;7.0;A01
201400052627;0;1;0;0.0;2.0;1.0;1.0;B01
201400052628;0;1;0;0.0;2.0;3.0;7.0;B01
201400052633;0;1;0;0.0;0.0;0.0;1.0;A01
201400052640;0;1;0;0.0;2.0;2.0;19.0;B01
201400052644;0;1;0;0.0;2.0;1.0;1.0;B01
201400052648;0;1;0;0.0;2.0;1.0;7.0;A01
201400052658;0;1;0;0.0;2.0;5.0;16.0;B01
201400052664;0;1;0;0.0;2.0;2.0;1.0;B01
201400052667;0;1;0;0.0;2.0;0.0;13.0;A01
201400052668;0;1;0;0.0;2.0;1.0;1.0;B01
201400052671;0;1;0;0.0;2.0;1.0;7.0;A01
201400052672;0;1;0;0.0;2.0;1.0;2.0;A01
201400052674;0;1;0;0.0;2.0;7.0;7.0;A01
201400052683;0;1;0;12.0;2.0;8.0;16.0;B01
201400052692;0;1;0;0.0;2.0;3.0;13.0;B01
201400052696;0;1;0;0.0;2.0;2.0;1.0;B01
201400052712;0;1;0;12.0;0.0;0.0;13.0;A01
201400052715;0;1;0;0.0;2.0;4.0;2.0;B01
201400052717;0;1;0;0.0;2.0;4.0;1.0;B01
201400052723;0;1;0;0.0;2.0;1.0;15.0;B01
201400052726;0;1;0;0.0;2.0;4.0;15.0;A01
201400052731;0;1;0;0.0;2.0;8.0;1.0;B01
201400052732;0;1;0;0.0;2.0;1.0;1.0;B01
201400052738;0;1;0;0.0;2.0;8.0;16.0;B01
201400052740;0;1;0;0.0;2.0;6.0;1.0;B01
201400052747;0;1;0;0.0;0.0;1.0;1.0;A01
201400052749;0;1;0;0.0;2.0;7.0;1.0;A01
201400052760;0;1;0;0.0;2.0;3.0;13.0;B01
201400052763;0;1;0;0.0;2.0;3.0;1.0;B01
201400052782;0;1;0;0.0;9.0;2.0;1.0;B01
201400052782;0;1;0;0.0;9.0;1.0;1.0;A01
201400052809;0;1;0;0.0;2.0;8.0;1.0;A01
201400052813;0;1;0;0.0;2.0;1.0;1.0;B01
201400052815;0;1;0;0.0;2.0;3.0;13.0;B01
201400052825;0;1;0;0.0;2.0;4.0;2.0;B01
201400052827;0;1;0;0.0;2.0;4.0;13.0;A01
201400052831;0;1;0;0.0;2.0;4.0;23.0;B01
201400052831;0;1;0;0.0;2.0;7.0;23.0;C01
201400052856;0;1;0;0.0;2.0;3.0;18.0;B01
201400052862;0;1;0;0.0;2.0;1.0;19.0;A01
201400052866;0;1;0;0.0;2.0;0.0;19.0;B01
201400052878;0;1;0;1.0;2.0;1.0;1.0;B01
201400052904;0;1;0;0.0;2.0;1.0;18.0;B01
201400052907;0;1;0;0.0;2.0;1.0;1.0;B01
201400052946;0;1;0;0.0;2.0;0.0;1.0;B01
201400052952;0;1;0;0.0;1.0;7.0;15.0;A01
201400052954;0;1;0;0.0;2.0;7.0;1.0;B01
201400052965;0;1;0;0.0;2.0;1.0;1.0;B01
201400052970;0;1;0;0.0;2.0;1.0;1.0;A01
201400052981;0;1;0;1.0;2.0;7.0;1.0;B01
201400052995;0;1;0;0.0;2.0;7.0;1.0;A01
201400053006;0;1;0;0.0;1.0;1.0;16.0;A01
201400053010;0;1;0;12.0;0.0;0.0;13.0;A01
201400053020;0;1;0;0.0;2.0;3.0;1.0;A01
201400053021;0;1;0;0.0;2.0;1.0;1.0;A01
201400053023;0;1;0;0.0;0.0;1.0;21.0;A01
201400053029;0;1;0;0.0;2.0;5.0;2.0;B01
201400053040;0;1;0;0.0;2.0;7.0;1.0;B01
201400053048;0;1;0;0.0;2.0;4.0;1.0;B01
201400053056;0;1;0;0.0;2.0;6.0;1.0;B01
201400053064;0;1;0;0.0;2.0;1.0;1.0;B01
201400053065;0;1;0;0.0;2.0;1.0;5.0;A01
201400053066;0;1;0;0.0;2.0;7.0;19.0;B01
201400053078;0;1;0;0.0;2.0;8.0;19.0;B01
201400053123;0;1;0;0.0;2.0;1.0;1.0;B01
201400053127;0;1;0;0.0;0.0;8.0;19.0;B01
201400053150;0;1;0;0.0;2.0;1.0;16.0;A01
201400053164;0;1;0;1.0;0.0;1.0;13.0;A01
201400053167;0;1;0;1.0;0.0;1.0;17.0;B01
201400053185;0;1;0;0.0;1.0;0.0;1.0;A01
201400053192;0;1;0;12.0;0.0;7.0;14.0;A01
201400053198;0;1;0;0.0;2.0;3.0;13.0;B01
201400053203;0;1;0;0.0;1.0;1.0;7.0;A01
201400053223;0;1;0;0.0;2.0;3.0;15.0;B01
201400053225;0;1;0;0.0;1.0;1.0;7.0;A01
201400053226;0;1;0;0.0;0.0;1.0;21.0;A01
201400053244;0;1;0;0.0;2.0;1.0;1.0;A01
201400053261;0;1;0;0.0;2.0;3.0;1.0;B01
201400053263;0;1;0;0.0;2.0;1.0;1.0;B01
201400053266;0;1;0;0.0;2.0;1.0;1.0;B01
201400053267;0;1;0;0.0;2.0;0.0;16.0;B01
201400053272;0;1;0;0.0;1.0;1.0;5.0;A01
201400053289;0;1;0;0.0;2.0;2.0;1.0;A01
201400053310;0;1;0;0.0;2.0;1.0;1.0;B01
201400053328;0;1;0;1.0;2.0;1.0;1.0;B01
201400053337;0;1;0;0.0;1.0;1.0;21.0;B01
201400053342;0;1;0;0.0;1.0;1.0;21.0;A01
201400053354;0;1;0;8.0;2.0;1.0;1.0;A01
201400053356;0;1;0;0.0;2.0;1.0;1.0;B01
201400053372;0;1;0;1.0;2.0;1.0;1.0;B01
201400053373;0;1;0;0.0;0.0;0.0;21.0;A01
201400053374;0;1;0;0.0;2.0;1.0;7.0;B01
201400053375;0;1;0;0.0;2.0;1.0;1.0;A01
201400053376;0;1;0;1.0;2.0;1.0;7.0;B01
201400053384;0;1;0;0.0;2.0;1.0;1.0;B01
201400053406;0;1;0;0.0;2.0;1.0;18.0;B01
201400053416;0;1;0;0.0;2.0;1.0;1.0;A01
201400053417;0;1;0;0.0;2.0;0.0;1.0;B01
201400053419;0;1;0;0.0;2.0;1.0;17.0;B01
201400053422;0;1;0;0.0;1.0;1.0;1.0;A01
201400053423;0;1;0;0.0;2.0;4.0;1.0;B01
201400053434;0;1;0;0.0;2.0;1.0;1.0;B01
201400053438;0;1;0;0.0;2.0;1.0;18.0;A01
201400053441;0;1;0;0.0;2.0;1.0;16.0;B01
201400053444;0;1;0;0.0;2.0;1.0;5.0;A01
201400053446;1;1;0;0.0;2.0;0.0;9.0;Z01
201400053449;0;1;0;0.0;2.0;1.0;7.0;B01
201400053453;0;1;0;0.0;2.0;7.0;19.0;A01
201400053455;0;1;0;0.0;2.0;6.0;1.0;A01
201400053470;0;1;0;0.0;1.0;3.0;7.0;A01
201400053471;0;1;0;0.0;2.0;1.0;3.0;A01
201400053479;0;1;0;0.0;1.0;2.0;1.0;A01
201400053481;0;1;0;0.0;2.0;8.0;15.0;A01
201400053482;0;1;0;1.0;2.0;1.0;5.0;B01
201400053485;0;1;0;0.0;1.0;1.0;5.0;A01
201400053490;0;1;0;0.0;1.0;1.0;1.0;A01
201400053493;0;1;0;0.0;2.0;1.0;1.0;B01
201400053502;0;1;0;0.0;2.0;1.0;1.0;B01
201400053508;0;1;0;0.0;2.0;1.0;7.0;B01
201400053518;0;1;0;0.0;2.0;1.0;1.0;B01
201400053522;0;1;0;2.0;0.0;1.0;21.0;A01
201400053529;0;1;0;0.0;1.0;1.0;1.0;A01
201400053534;0;1;0;0.0;1.0;1.0;1.0;A01
201400053535;0;1;0;1.0;2.0;1.0;1.0;B01
201400053559;0;1;0;1.0;2.0;1.0;7.0;B01
201400053564;0;1;0;0.0;2.0;1.0;5.0;A01
201400053568;0;1;0;0.0;2.0;1.0;5.0;A01
201400053568;0;1;0;0.0;2.0;1.0;1.0;B01
201400053574;0;1;0;0.0;2.0;7.0;5.0;A01
201400053575;0;1;0;0.0;1.0;8.0;1.0;A01
201400053585;0;1;0;0.0;2.0;1.0;1.0;A01
201400053592;0;1;0;0.0;2.0;1.0;1.0;B01
201400053597;0;1;0;0.0;2.0;8.0;1.0;A01
201400053602;0;1;0;0.0;2.0;1.0;1.0;B01
201400053616;0;1;0;0.0;2.0;0.0;1.0;A01
201400053625;0;1;0;0.0;2.0;0.0;1.0;B01
201400053632;0;1;0;1.0;2.0;1.0;21.0;B01
201400053645;0;1;0;0.0;1.0;0.0;1.0;A01
201400053647;0;1;0;0.0;0.0;1.0;1.0;A01
201400053649;1;1;0;0.0;1.0;0.0;1.0;Z01
201400053670;0;1;0;0.0;2.0;4.0;7.0;B01
201400053671;0;1;0;0.0;1.0;1.0;1.0;A01
201400053677;0;1;0;0.0;2.0;3.0;15.0;A01
201400053690;0;1;0;0.0;2.0;8.0;13.0;B01
201400053706;0;1;0;0.0;2.0;1.0;1.0;B01
201400053711;0;1;0;1.0;2.0;1.0;1.0;B01
201400053712;0;1;0;0.0;2.0;0.0;1.0;A01
201400053726;0;1;0;0.0;2.0;1.0;1.0;A01
201400053729;0;1;0;0.0;2.0;7.0;1.0;A01
201400053732;0;1;0;0.0;1.0;1.0;1.0;A01
201400053736;0;1;0;0.0;2.0;0.0;1.0;A01
201400053739;0;1;0;0.0;2.0;3.0;1.0;B01
201400053741;0;1;0;0.0;2.0;7.0;5.0;B01
201400053742;0;1;0;0.0;1.0;1.0;1.0;A01
201400053744;0;1;0;1.0;2.0;2.0;1.0;B01
201400053746;0;1;0;0.0;2.0;1.0;11.0;A01
201400053750;0;1;0;0.0;2.0;1.0;1.0;A01
201400053754;0;1;0;0.0;2.0;3.0;13.0;A01
201400053763;0;1;0;0.0;2.0;1.0;1.0;B01
201400053764;0;1;0;0.0;2.0;1.0;2.0;A01
201400053767;0;1;0;0.0;1.0;1.0;1.0;A01
201400053768;0;1;0;0.0;2.0;7.0;1.0;B01
201400053769;0;1;0;0.0;2.0;1.0;1.0;B01
201400053770;0;1;0;0.0;1.0;1.0;1.0;A01
201400053776;0;1;0;0.0;2.0;8.0;1.0;B01
201400053778;0;1;0;0.0;2.0;0.0;10.0;A01
201400053785;0;1;0;0.0;2.0;4.0;1.0;A01
201400053788;0;1;0;0.0;1.0;1.0;1.0;A01
201400053791;0;1;0;0.0;1.0;1.0;5.0;A01
201400053794;0;1;0;0.0;2.0;4.0;23.0;A01
201400053795;0;1;0;0.0;2.0;0.0;13.0;A01
201400053804;0;1;0;0.0;0.0;0.0;1.0;A01
201400053810;0;1;0;0.0;2.0;4.0;15.0;A01
201400053820;0;1;0;0.0;2.0;1.0;2.0;A01
201400053822;0;1;0;0.0;2.0;1.0;18.0;B01
201400053831;0;1;0;0.0;2.0;8.0;19.0;B01
201400053833;0;1;0;0.0;2.0;1.0;7.0;B01
201400053834;0;1;0;0.0;2.0;1.0;1.0;B01
201400053837;0;1;0;0.0;0.0;1.0;1.0;A01
201400053838;0;1;0;0.0;2.0;0.0;1.0;A01
201400053841;0;1;0;0.0;2.0;1.0;1.0;B01
201400053858;0;1;0;0.0;1.0;1.0;1.0;A01
201400053872;0;1;0;0.0;2.0;1.0;2.0;B01
201400053875;0;1;0;0.0;2.0;1.0;1.0;A01
201400053878;0;1;0;0.0;1.0;1.0;1.0;A01
201400053892;0;1;0;0.0;2.0;3.0;1.0;B01
201400053893;0;1;0;1.0;2.0;1.0;1.0;B01
201400053902;0;1;0;12.0;0.0;1.0;1.0;A01
201400053904;0;1;0;0.0;2.0;8.0;13.0;A01
201400053904;0;1;0;0.0;2.0;7.0;17.0;B01
201400053906;0;1;0;0.0;2.0;1.0;1.0;A01
201400053908;0;1;0;0.0;2.0;2.0;18.0;B01
201400053917;0;1;0;0.0;2.0;1.0;16.0;A01
201400053925;0;1;0;0.0;0.0;3.0;5.0;A01
201400053926;0;1;0;0.0;2.0;0.0;15.0;B01
201400053927;0;1;0;0.0;2.0;1.0;1.0;A01
201400053928;0;1;0;1.0;2.0;2.0;1.0;B01
201400053947;0;1;0;0.0;2.0;6.0;1.0;A01
201400053953;0;1;0;0.0;2.0;1.0;1.0;B01
201400053968;0;1;0;1.0;0.0;0.0;1.0;B01
201400053977;0;1;0;14.0;0.0;0.0;13.0;A01
201400053982;0;1;0;0.0;5.0;1.0;1.0;A01
201400054001;0;1;0;0.0;2.0;7.0;1.0;B01
201400054002;0;1;0;0.0;2.0;1.0;2.0;A01
201400054002;0;1;0;0.0;2.0;1.0;5.0;B01
201400054002;0;1;0;0.0;2.0;1.0;2.0;C01
201400054004;0;1;0;0.0;2.0;1.0;1.0;B01
201400054018;0;1;0;0.0;2.0;8.0;15.0;B01
201400054023;0;1;0;0.0;2.0;8.0;1.0;B01
201400054026;0;1;0;0.0;2.0;8.0;9.0;A01
201400054034;0;1;0;0.0;2.0;1.0;13.0;A01
201400054038;0;1;0;0.0;2.0;1.0;1.0;B01
201400054041;0;1;0;0.0;2.0;1.0;1.0;B01
201400054045;0;1;0;0.0;2.0;0.0;1.0;A01
201400054061;0;1;0;0.0;1.0;1.0;1.0;A01
201400054062;0;1;0;0.0;2.0;1.0;2.0;B01
201400054062;0;1;0;0.0;2.0;4.0;2.0;A01
201400054066;0;1;0;0.0;2.0;4.0;1.0;B01
201400054072;0;1;0;0.0;2.0;8.0;5.0;A01
201400054075;0;1;0;0.0;2.0;1.0;2.0;A01
201400054076;0;1;0;0.0;2.0;7.0;19.0;A01
201400054077;0;1;0;0.0;2.0;8.0;1.0;B01
201400054079;0;1;0;0.0;0.0;0.0;21.0;A01
201400054084;0;1;0;0.0;1.0;1.0;1.0;A01
201400054085;0;1;0;0.0;2.0;4.0;2.0;B01
201400054102;0;1;0;0.0;1.0;7.0;1.0;A01
201400054125;0;1;0;0.0;2.0;7.0;19.0;A01
201400054127;0;1;0;0.0;2.0;5.0;17.0;B01
201400054128;0;1;0;0.0;2.0;1.0;1.0;B01
201400054135;0;1;0;0.0;1.0;1.0;1.0;A01
201400054144;0;1;0;0.0;2.0;1.0;2.0;A01
201400054149;0;1;0;0.0;1.0;1.0;1.0;A01
201400054155;0;1;0;0.0;2.0;1.0;1.0;A01
201400054174;0;1;0;0.0;2.0;6.0;1.0;B01
201400054175;0;1;0;0.0;5.0;1.0;1.0;A01
201400054176;0;1;0;0.0;2.0;1.0;1.0;B01
201400054182;0;1;0;0.0;2.0;1.0;2.0;B01
201400054182;0;1;0;0.0;2.0;1.0;2.0;A01
201400054182;0;1;0;0.0;2.0;1.0;2.0;C01
201400054182;0;1;0;0.0;2.0;0.0;2.0;D01
201400054185;0;1;0;0.0;2.0;8.0;7.0;A01
201400054191;0;1;0;0.0;1.0;1.0;1.0;A01
201400054199;0;1;0;0.0;2.0;3.0;1.0;B01
201400054203;0;1;0;0.0;1.0;1.0;1.0;A01
201400054204;0;1;0;0.0;2.0;1.0;10.0;A01
201400054204;0;1;0;0.0;2.0;1.0;1.0;B01
201400054206;0;1;0;0.0;2.0;1.0;14.0;A01
201400054206;0;1;0;0.0;2.0;1.0;1.0;B01
201400054218;0;1;0;0.0;2.0;8.0;15.0;B01
201400054223;0;1;0;0.0;2.0;3.0;1.0;B01
201400054224;0;1;0;0.0;2.0;3.0;1.0;A01
201400054227;0;1;0;0.0;1.0;1.0;1.0;A01
201400054228;0;1;0;0.0;2.0;1.0;1.0;B01
201400054236;0;1;0;0.0;2.0;8.0;15.0;A01
201400054237;0;1;0;0.0;2.0;8.0;19.0;B01
201400054238;0;1;0;0.0;1.0;0.0;1.0;A01
201400054239;0;1;0;0.0;2.0;8.0;1.0;B01
201400054246;0;1;0;0.0;2.0;3.0;1.0;B01
201400054249;0;1;0;0.0;2.0;6.0;1.0;B01
201400054250;0;1;0;0.0;2.0;1.0;17.0;B01
201400054252;0;1;0;0.0;2.0;1.0;17.0;B01
201400054255;0;1;0;0.0;2.0;8.0;9.0;A01
201400054260;0;1;0;0.0;2.0;3.0;1.0;B01
201400054262;0;1;0;0.0;2.0;2.0;1.0;B01
201400054263;0;1;0;0.0;2.0;8.0;1.0;A01
201400054267;0;1;0;0.0;2.0;2.0;1.0;A01
201400054269;0;1;0;0.0;2.0;1.0;1.0;B01
201400054270;0;1;0;0.0;0.0;0.0;16.0;A01
201400054272;0;1;0;0.0;2.0;7.0;1.0;A01
201400054273;0;1;0;0.0;2.0;2.0;19.0;A01
201400054274;0;1;0;0.0;2.0;1.0;13.0;A01
201400054274;0;1;0;0.0;2.0;1.0;1.0;B01
201400054290;0;1;0;0.0;2.0;1.0;7.0;B01
201400054294;0;1;0;0.0;2.0;1.0;7.0;B01
201400054300;0;1;0;0.0;0.0;0.0;21.0;A01
201400054310;0;1;0;0.0;2.0;4.0;2.0;B01
201400054312;0;1;0;0.0;2.0;8.0;19.0;B01
201400054315;0;1;0;0.0;2.0;8.0;18.0;B01
201400054316;0;1;0;0.0;2.0;1.0;1.0;A01
201400054316;0;1;0;0.0;2.0;1.0;1.0;B01
201400054323;0;1;0;0.0;2.0;7.0;2.0;B01
201400054331;0;1;0;0.0;1.0;1.0;5.0;A01
201400054355;0;1;0;0.0;2.0;1.0;1.0;B01
201400054385;0;1;0;0.0;2.0;7.0;1.0;B01
201400054397;0;1;0;0.0;1.0;1.0;1.0;A01
201400054418;0;1;0;0.0;1.0;1.0;7.0;A01
201400054427;0;1;0;0.0;2.0;0.0;1.0;B01
201400054439;0;1;0;0.0;2.0;1.0;1.0;B01
201400054441;1;1;0;0.0;1.0;0.0;16.0;Z01
201400054448;0;1;0;0.0;2.0;1.0;1.0;A01
201400054462;0;1;0;0.0;2.0;1.0;1.0;B01
201400054464;0;1;0;0.0;2.0;0.0;1.0;A01
201400054466;0;1;0;8.0;0.0;2.0;21.0;A01
201400054467;0;1;0;0.0;2.0;1.0;1.0;A01
201400054468;0;1;0;0.0;2.0;1.0;17.0;B01
201400054469;0;1;0;0.0;2.0;1.0;1.0;B01
201400054475;0;1;0;0.0;2.0;8.0;1.0;A01
201400054475;1;1;0;0.0;2.0;0.0;14.0;Z01
201400054478;0;1;0;1.0;2.0;1.0;1.0;B01
201400054480;0;1;0;0.0;2.0;8.0;1.0;B01
201400054510;0;1;0;14.0;2.0;7.0;21.0;A01
201400054515;0;1;0;0.0;2.0;1.0;1.0;B01
201400054521;0;1;0;0.0;2.0;1.0;17.0;B01
201400054522;0;1;0;0.0;2.0;7.0;14.0;A01
201400054537;0;1;0;0.0;2.0;2.0;1.0;B01
201400054540;0;1;0;0.0;2.0;3.0;1.0;A01
201400054554;0;1;0;1.0;2.0;1.0;1.0;B01
201400054562;0;1;0;0.0;2.0;3.0;1.0;B01
201400054563;0;1;0;1.0;2.0;5.0;1.0;B01
201400054565;0;1;0;0.0;2.0;8.0;7.0;B01
201400054566;0;1;0;0.0;2.0;8.0;15.0;A01
201400054569;0;1;0;0.0;2.0;8.0;15.0;B01
201400054570;0;1;0;12.0;0.0;1.0;7.0;A01
201400054591;0;1;0;0.0;2.0;7.0;19.0;B01
201400054593;0;1;0;0.0;2.0;8.0;1.0;B01
201400054601;0;1;0;0.0;2.0;8.0;3.0;C01
201400054604;0;1;0;0.0;2.0;1.0;1.0;B01
201400054619;0;1;0;0.0;2.0;6.0;1.0;B01
201400054623;0;1;0;12.0;0.0;0.0;21.0;A01
201400054629;0;1;0;0.0;1.0;1.0;19.0;A01
201400054631;0;1;0;0.0;2.0;8.0;15.0;B01
201400054636;0;1;0;0.0;2.0;4.0;13.0;A01
201400054644;0;1;0;8.0;0.0;0.0;1.0;A01
201400054660;0;1;0;0.0;2.0;3.0;13.0;B01
201400054675;0;1;0;1.0;2.0;1.0;1.0;B01
201400054677;0;1;0;0.0;2.0;5.0;1.0;A01
201400054688;0;1;0;0.0;2.0;5.0;13.0;A01
201400054691;0;1;0;0.0;2.0;3.0;1.0;B01
201400054700;0;1;0;12.0;1.0;1.0;1.0;A01
201400054702;0;1;0;0.0;2.0;1.0;1.0;A01
201400054716;0;1;0;0.0;2.0;4.0;23.0;B01
201400054723;0;1;0;0.0;1.0;1.0;1.0;A01
201400054731;0;1;0;0.0;2.0;3.0;1.0;A01
201400054738;0;1;0;0.0;2.0;1.0;1.0;A01
201400054745;0;1;0;0.0;2.0;2.0;1.0;B01
201400054766;0;1;0;0.0;0.0;0.0;1.0;A01
201400054769;0;1;0;0.0;2.0;0.0;1.0;B01
201400054772;0;1;0;0.0;2.0;1.0;9.0;B01
201400054785;0;1;0;0.0;2.0;8.0;1.0;B01
201400054793;0;1;0;0.0;2.0;8.0;13.0;B01
201400054798;0;1;0;0.0;2.0;1.0;1.0;B01
201400054803;0;1;0;0.0;1.0;1.0;5.0;A01
201400054807;0;1;0;0.0;2.0;1.0;1.0;B01
201400054809;0;1;0;0.0;2.0;6.0;1.0;B01
201400054812;0;1;0;14.0;0.0;1.0;1.0;A01
201400054814;0;1;0;12.0;0.0;1.0;16.0;A01
201400054817;0;1;0;0.0;2.0;4.0;1.0;B01
201400054823;0;1;0;0.0;2.0;2.0;7.0;B01
201400054839;0;1;0;0.0;2.0;8.0;1.0;A01
201400054841;0;1;0;0.0;2.0;3.0;7.0;B01
201400054844;0;1;0;0.0;2.0;2.0;1.0;A01
201400054857;0;1;0;0.0;2.0;1.0;17.0;A01
201400054858;0;1;0;0.0;2.0;1.0;2.0;B01
201400054864;0;1;0;0.0;2.0;5.0;1.0;B01
201400054868;0;1;0;0.0;1.0;1.0;1.0;A01
201400054884;0;1;0;1.0;2.0;7.0;1.0;B01
201400054893;0;1;0;0.0;2.0;1.0;18.0;B01
201400054894;0;1;0;0.0;0.0;1.0;1.0;A01
201400054902;0;1;0;0.0;2.0;1.0;1.0;B01
201400054903;0;1;0;0.0;0.0;0.0;1.0;A01
201400054914;0;1;0;0.0;2.0;8.0;7.0;B01
201400054919;0;1;0;9.0;1.0;0.0;1.0;A01
201400054923;0;1;0;0.0;2.0;1.0;15.0;A01
201400054924;0;1;0;0.0;2.0;1.0;1.0;B01
201400054929;0;1;0;0.0;2.0;1.0;7.0;B01
201400054937;0;1;0;0.0;0.0;7.0;21.0;A01
201400054941;0;1;0;0.0;2.0;8.0;1.0;B01
201400054944;0;1;0;0.0;2.0;2.0;1.0;A01
201400054945;0;1;0;0.0;2.0;7.0;19.0;B01
201400054948;0;1;0;0.0;2.0;3.0;1.0;B01
201400054955;0;1;0;0.0;2.0;1.0;11.0;A01
201400054959;0;1;0;0.0;2.0;1.0;13.0;A01