Num_Acc;senc;catv;occutc;obs;obsm;choc;manv;num_veh
201400054960;0;1;0;0.0;2.0;8.0;7.0;B01
201400054963;0;1;0;0.0;2.0;1.0;1.0;A01
201400054971;0;1;0;0.0;2.0;0.0;19.0;B01
201400054985;0;1;0;0.0;1.0;0.0;1.0;A01
201400054990;0;1;0;15.0;0.0;7.0;1.0;A01
201400055002;0;1;0;0.0;2.0;1.0;15.0;A01
201400055003;0;1;0;0.0;2.0;3.0;1.0;B01
201400055006;0;1;0;0.0;2.0;1.0;1.0;B01
201400055017;0;1;0;1.0;2.0;7.0;1.0;B01
201400055084;0;1;0;0.0;2.0;6.0;1.0;B01
201400055090;0;1;0;0.0;1.0;1.0;16.0;A01
201400055091;0;1;0;0.0;2.0;8.0;13.0;A01
201400055103;0;1;0;0.0;2.0;3.0;13.0;A01
201400055115;0;1;0;0.0;2.0;7.0;1.0;A01
201400055131;0;1;0;0.0;2.0;7.0;17.0;B01
201400055137;0;1;0;0.0;2.0;3.0;15.0;B01
201400055145;0;1;0;0.0;2.0;2.0;1.0;B01
201400055151;0;1;0;0.0;2.0;8.0;7.0;B01
201400055174;0;1;0;0.0;2.0;0.0;1.0;B01
201400055190;0;1;0;0.0;2.0;1.0;1.0;B01
201400055192;0;1;0;0.0;2.0;3.0;2.0;B01
201400055195;0;1;0;0.0;2.0;2.0;1.0;B01
201400055196;0;1;0;0.0;2.0;6.0;15.0;B01
201400055197;0;1;0;0.0;1.0;1.0;1.0;A01
201400055198;0;1;0;1.0;0.0;2.0;21.0;A01
201400055220;0;1;0;0.0;0.0;0.0;1.0;A01
201400055229;0;1;0;1.0;2.0;1.0;1.0;B01
201400055243;0;1;0;0.0;2.0;2.0;1.0;B01
201400055247;0;1;0;0.0;1.0;7.0;1.0;A01
201400055262;0;1;0;0.0;2.0;8.0;1.0;B01
201400055263;0;1;0;1.0;1.0;1.0;1.0;A01
201400055264;0;1;0;0.0;1.0;3.0;1.0;A01
201400055276;0;1;0;12.0;2.0;4.0;7.0;B01
201400055277;0;1;0;0.0;2.0;1.0;1.0;B01
201400055279;0;1;0;0.0;2.0;4.0;13.0;B01
201400055288;0;1;0;0.0;0.0;1.0;1.0;A01
201400055289;0;1;0;0.0;2.0;1.0;15.0;A01
201400055289;0;1;0;0.0;2.0;7.0;1.0;B01
201400055292;0;1;0;1.0;0.0;0.0;15.0;A01
201400055299;0;1;0;0.0;2.0;1.0;2.0;A01
201400055301;0;1;0;0.0;2.0;1.0;1.0;B01
201400055310;0;1;0;0.0;2.0;7.0;1.0;A01
201400055349;0;1;0;0.0;2.0;1.0;5.0;A01
201400055350;0;1;0;0.0;1.0;3.0;1.0;A01
201400055358;0;1;0;1.0;0.0;4.0;1.0;A01
201400055368;0;1;0;0.0;1.0;1.0;1.0;A01
201400055418;0;1;0;0.0;0.0;7.0;16.0;A01
201400055437;0;1;0;0.0;1.0;1.0;2.0;A01
201400055445;0;1;0;0.0;2.0;4.0;1.0;B01
201400055450;0;1;0;0.0;2.0;1.0;1.0;B01
201400055452;0;1;0;0.0;2.0;8.0;21.0;B01
201400055452;0;1;0;0.0;2.0;1.0;21.0;A01
201400055453;0;1;0;0.0;1.0;1.0;5.0;A01
201400055480;0;1;0;0.0;2.0;1.0;1.0;A01
201400055487;0;1;0;0.0;2.0;1.0;1.0;A01
201400055494;0;1;0;0.0;2.0;4.0;1.0;A01
201400055495;0;1;0;0.0;2.0;1.0;1.0;B01
201400055500;0;1;0;1.0;2.0;1.0;1.0;B01
201400055509;0;1;0;0.0;2.0;8.0;1.0;B01
201400055514;0;1;0;0.0;2.0;2.0;23.0;B01
201400055517;0;1;0;2.0;0.0;1.0;1.0;B01
201400055530;0;1;0;0.0;2.0;1.0;19.0;A01
201400055531;0;1;0;0.0;2.0;1.0;1.0;C01
201400055531;0;1;0;0.0;2.0;0.0;1.0;B01
201400055535;0;1;0;0.0;2.0;8.0;1.0;B01
201400055539;0;1;0;1.0;0.0;1.0;1.0;A01
201400055540;0;1;0;1.0;0.0;1.0;13.0;A01
201400055542;0;1;0;0.0;1.0;1.0;1.0;A01
201400055553;0;1;0;0.0;1.0;1.0;1.0;A01
201400055561;0;1;0;0.0;2.0;4.0;7.0;B01
201400055568;0;1;0;0.0;2.0;8.0;1.0;B01
201400055574;0;1;0;0.0;2.0;3.0;7.0;A01
201400055584;0;1;0;0.0;2.0;0.0;1.0;B01
201400055585;0;1;0;0.0;2.0;5.0;1.0;B01
201400055597;0;1;0;12.0;0.0;1.0;1.0;A01
201400055599;0;1;0;0.0;1.0;1.0;1.0;A01
201400055602;0;1;0;0.0;2.0;1.0;7.0;B01
201400055603;0;1;0;0.0;2.0;7.0;2.0;B01
201400055605;0;1;0;0.0;2.0;1.0;15.0;A01
201400055614;0;1;0;0.0;2.0;3.0;15.0;A01
201400055616;0;1;0;0.0;2.0;1.0;1.0;A01
201400055634;0;1;0;0.0;2.0;1.0;2.0;A01
201400055634;0;1;0;0.0;2.0;6.0;23.0;B01
201400055649;0;1;0;0.0;2.0;1.0;18.0;A01
201400055654;0;1;0;0.0;1.0;8.0;17.0;A01
201400055657;0;1;0;0.0;2.0;1.0;15.0;A01
201400055663;0;1;0;0.0;2.0;3.0;1.0;A01
201400055671;0;1;0;0.0;2.0;3.0;9.0;A01
201400055683;0;1;0;0.0;2.0;8.0;15.0;A01
201400055685;0;1;0;0.0;2.0;1.0;1.0;B01
201400055711;0;1;0;0.0;0.0;0.0;1.0;A01
201400055718;0;1;0;0.0;0.0;0.0;1.0;A01
201400055724;0;1;0;1.0;0.0;1.0;1.0;A01
201400055728;0;1;0;0.0;2.0;1.0;1.0;C01
201400055728;0;1;0;0.0;2.0;1.0;1.0;B01
201400055731;0;1;0;0.0;2.0;8.0;15.0;A01
201400055731;0;1;0;0.0;2.0;1.0;1.0;B01
201400055731;0;1;0;0.0;2.0;0.0;1.0;C01
201400055741;0;1;0;0.0;2.0;1.0;1.0;A01
201400055741;0;1;0;0.0;2.0;4.0;1.0;B01
201400055746;0;1;0;0.0;2.0;1.0;1.0;B01
201400055761;0;1;0;0.0;2.0;7.0;1.0;A01
201400055764;0;1;0;0.0;2.0;1.0;2.0;B01
201400055778;0;1;0;0.0;2.0;1.0;1.0;B01
201400055779;0;1;0;0.0;2.0;1.0;1.0;B01
201400055781;1;1;0;0.0;1.0;1.0;1.0;Z01
201400055792;0;1;0;0.0;2.0;8.0;1.0;B01
201400055809;0;1;0;0.0;2.0;7.0;1.0;B01
201400055818;0;1;0;0.0;1.0;3.0;5.0;A01
201400055831;0;1;0;0.0;1.0;1.0;16.0;A01
201400055839;0;1;0;0.0;1.0;1.0;5.0;A01
201400055845;0;1;0;0.0;2.0;1.0;1.0;B01
201400055855;0;1;0;0.0;2.0;7.0;1.0;B01
201400055876;0;1;0;0.0;2.0;8.0;23.0;B01
201400055911;0;1;0;0.0;1.0;1.0;1.0;A01
201400055913;0;1;0;1.0;2.0;1.0;1.0;B01
201400055921;0;1;0;0.0;2.0;1.0;1.0;A01
201400055923;0;1;0;0.0;1.0;8.0;7.0;A01
201400055941;0;1;0;0.0;0.0;1.0;1.0;A01
201400055951;0;1;0;0.0;2.0;6.0;2.0;A01
201400055954;0;1;0;0.0;2.0;1.0;1.0;B01
201400055961;0;1;0;0.0;2.0;3.0;1.0;A01
201400055962;0;1;0;0.0;2.0;8.0;19.0;A01
201400055971;0;1;0;0.0;2.0;1.0;1.0;B01
201400055984;0;1;0;0.0;2.0;7.0;19.0;B01
201400055986;0;1;0;0.0;2.0;0.0;1.0;A01
201400056009;0;1;0;0.0;2.0;1.0;1.0;A01
201400056018;0;1;0;0.0;2.0;0.0;1.0;B01
201400056048;0;1;0;0.0;2.0;4.0;13.0;A01
201400056051;0;1;0;0.0;2.0;1.0;7.0;A01
201400056056;0;1;0;0.0;2.0;8.0;19.0;A01
201400056065;0;1;0;0.0;1.0;1.0;5.0;A01
201400056070;0;1;0;1.0;2.0;1.0;1.0;A01
201400056084;0;1;0;1.0;2.0;2.0;1.0;B01
201400056115;0;1;0;0.0;2.0;4.0;1.0;A01
201400056119;0;1;0;0.0;2.0;8.0;13.0;B01
201400056129;0;1;0;0.0;2.0;5.0;1.0;B01
201400056153;0;1;0;0.0;2.0;1.0;13.0;A01
201400056162;0;1;0;0.0;2.0;1.0;1.0;B01
201400056163;0;1;0;0.0;2.0;1.0;1.0;B01
201400056166;0;1;0;0.0;2.0;3.0;1.0;A01
201400056167;0;1;0;0.0;1.0;1.0;5.0;A01
201400056171;0;1;0;0.0;2.0;2.0;7.0;B01
201400056183;0;1;0;0.0;2.0;1.0;5.0;A01
201400056186;0;1;0;0.0;2.0;1.0;1.0;B01
201400056189;0;1;0;0.0;2.0;8.0;7.0;B01
201400056205;0;1;0;0.0;2.0;1.0;1.0;B01
201400056206;0;1;0;0.0;2.0;4.0;13.0;A01
201400056211;0;1;0;0.0;1.0;1.0;1.0;A01
201400056216;0;1;0;0.0;2.0;2.0;15.0;A01
201400056218;0;1;0;0.0;2.0;1.0;2.0;A01
201400056250;0;1;0;0.0;2.0;1.0;1.0;B01
201400056270;0;1;0;0.0;2.0;1.0;1.0;A01
201400056285;0;1;0;0.0;2.0;8.0;7.0;B01
201400056292;0;1;0;0.0;2.0;3.0;1.0;A01
201400056306;0;1;0;0.0;2.0;3.0;15.0;B01
201400056316;0;1;0;0.0;2.0;1.0;1.0;B01
201400056333;1;1;0;0.0;1.0;0.0;1.0;Z01
201400056334;0;1;0;0.0;2.0;6.0;1.0;C01
201400056344;0;1;0;0.0;2.0;7.0;17.0;B01
201400056351;0;1;0;0.0;2.0;7.0;19.0;B01
201400056399;0;1;0;0.0;2.0;1.0;1.0;B01
201400056402;0;1;0;0.0;2.0;1.0;1.0;A01
201400056409;0;1;0;0.0;2.0;8.0;1.0;A01
201400056418;0;1;0;0.0;2.0;4.0;23.0;A01
201400056457;0;1;0;0.0;2.0;8.0;1.0;B01
201400056466;0;1;0;0.0;2.0;1.0;1.0;A01
201400056469;0;1;0;0.0;2.0;8.0;15.0;A01
201400056470;0;1;0;0.0;1.0;7.0;1.0;A01
201400056478;0;1;0;0.0;2.0;1.0;1.0;B01
201400056489;0;1;0;0.0;2.0;9.0;7.0;B01
201400056492;0;1;0;0.0;2.0;1.0;1.0;B01
201400056504;0;1;0;0.0;2.0;7.0;7.0;B01
201400056507;0;1;0;0.0;2.0;1.0;1.0;B01
201400056512;0;1;0;0.0;2.0;1.0;1.0;B01
201400056515;0;1;0;1.0;2.0;1.0;1.0;B01
201400056517;0;1;0;1.0;2.0;1.0;1.0;A01
201400056522;0;1;0;0.0;2.0;8.0;1.0;B01
201400056530;0;1;0;0.0;2.0;6.0;15.0;B01
201400056531;0;1;0;0.0;2.0;7.0;1.0;A01
201400056539;0;1;0;0.0;2.0;1.0;1.0;B01
201400056563;0;1;0;0.0;0.0;0.0;1.0;A01
201400056564;0;1;0;0.0;2.0;3.0;18.0;B01
201400056592;0;1;0;0.0;2.0;8.0;1.0;B01
201400056594;0;1;0;0.0;2.0;3.0;11.0;B01
201400056595;1;1;0;0.0;2.0;3.0;5.0;Z01
201400056603;0;1;0;0.0;2.0;1.0;1.0;B01
201400056607;0;1;0;0.0;2.0;1.0;1.0;B01
201400056616;0;1;0;0.0;2.0;1.0;7.0;B01
201400056635;0;1;0;0.0;2.0;1.0;1.0;B01
201400056641;0;1;0;0.0;2.0;1.0;16.0;B01
201400056675;0;1;0;0.0;0.0;0.0;1.0;A01
201400056680;0;1;0;0.0;2.0;1.0;1.0;B01
201400056683;0;1;0;0.0;2.0;1.0;1.0;A01
201400056710;0;1;0;0.0;2.0;3.0;1.0;B01
201400056711;0;1;0;0.0;2.0;4.0;1.0;B01
201400056719;0;1;0;0.0;2.0;1.0;1.0;B01
201400056722;0;1;0;0.0;1.0;1.0;1.0;A01
201400056759;0;1;0;0.0;2.0;1.0;7.0;B01
201400056769;0;1;0;0.0;1.0;1.0;1.0;A01
201400056770;0;1;0;0.0;2.0;1.0;17.0;B01
201400056771;0;1;0;1.0;2.0;7.0;1.0;B01
201400056779;0;1;0;1.0;2.0;5.0;2.0;A01
201400056786;2;1;0;0.0;1.0;1.0;1.0;A01
201400056790;0;1;0;0.0;2.0;3.0;13.0;B01
201400056792;0;1;0;0.0;2.0;1.0;9.0;B01
201400056792;0;1;0;0.0;2.0;1.0;1.0;A01
201400056807;0;1;0;0.0;2.0;1.0;19.0;B01
201400056820;0;1;0;0.0;2.0;5.0;7.0;A01
201400056830;0;1;0;0.0;2.0;1.0;1.0;B01
201400056831;0;1;0;0.0;2.0;1.0;1.0;B01
201400056861;0;1;0;0.0;2.0;1.0;1.0;B01
201400056862;0;1;0;0.0;2.0;7.0;1.0;A01
201400056869;0;1;0;0.0;2.0;1.0;1.0;B01
201400056873;0;1;0;0.0;2.0;1.0;1.0;A01
201400056875;0;1;0;0.0;2.0;3.0;19.0;B01
201400056877;0;1;0;0.0;2.0;1.0;1.0;A01
201400056890;0;1;0;0.0;2.0;1.0;13.0;B01
201400056902;0;1;0;0.0;1.0;0.0;1.0;A01
201400056905;0;1;0;0.0;1.0;2.0;1.0;A01
201400056919;0;1;0;0.0;2.0;4.0;15.0;A01
201400056941;0;1;0;0.0;2.0;1.0;1.0;C01
201400056946;0;1;0;0.0;2.0;1.0;5.0;A01
201400056955;0;1;0;0.0;2.0;1.0;18.0;B01
201400056971;0;1;0;0.0;1.0;1.0;1.0;A01
201400056972;0;1;0;0.0;2.0;2.0;19.0;B01
201400056977;0;1;0;0.0;2.0;1.0;1.0;B01
201400056987;0;1;0;0.0;1.0;1.0;1.0;A01
201400056988;0;1;0;0.0;2.0;0.0;21.0;A01
201400056991;0;1;0;0.0;0.0;7.0;1.0;B01
201400056992;1;1;0;0.0;1.0;0.0;1.0;A01
201400057014;0;1;0;0.0;2.0;8.0;1.0;B01
201400057024;0;1;0;1.0;0.0;1.0;14.0;A01
201400057027;1;1;0;0.0;1.0;1.0;1.0;Z01
201400057030;0;1;0;0.0;2.0;1.0;18.0;A01
201400057032;0;1;0;0.0;2.0;1.0;1.0;A01
201400057054;0;1;0;0.0;2.0;7.0;1.0;B01
201400057062;0;1;0;0.0;2.0;8.0;1.0;B01
201400057063;0;1;0;0.0;1.0;1.0;7.0;A01
201400057064;0;1;0;0.0;2.0;1.0;1.0;A01
201400057081;0;1;0;0.0;2.0;1.0;1.0;A01
201400057089;0;1;0;0.0;2.0;8.0;1.0;B01
201400057109;0;1;0;0.0;1.0;1.0;1.0;A01
201400057110;0;1;0;1.0;1.0;1.0;1.0;A01
201400057113;0;1;0;1.0;2.0;1.0;18.0;A01
201400057114;0;1;0;0.0;2.0;1.0;1.0;A01
201400057115;0;1;0;0.0;2.0;2.0;19.0;B01
201400057117;0;1;0;0.0;2.0;0.0;19.0;B01
201400057119;0;1;0;0.0;2.0;0.0;1.0;B01
201400057127;0;1;0;0.0;0.0;0.0;1.0;A01
201400057131;0;1;0;0.0;2.0;8.0;15.0;A01
201400057133;0;1;0;0.0;0.0;0.0;1.0;A01
201400057141;0;1;0;0.0;1.0;1.0;1.0;A01
201400057142;0;1;0;0.0;2.0;3.0;1.0;B01
201400057146;0;1;0;0.0;2.0;1.0;15.0;B01
201400057147;0;1;0;0.0;2.0;0.0;1.0;B01
201400057148;0;1;0;0.0;2.0;1.0;1.0;A01
201400057152;0;1;0;0.0;2.0;1.0;1.0;B01
201400057164;0;1;0;0.0;2.0;7.0;1.0;B01
201400057166;0;1;0;0.0;2.0;8.0;15.0;B01
201400057169;0;1;0;0.0;2.0;0.0;1.0;A01
201400057184;0;1;0;0.0;2.0;4.0;1.0;B01
201400057205;0;1;0;0.0;2.0;1.0;1.0;B01
201400057206;0;1;0;0.0;2.0;4.0;23.0;B01
201400057223;0;1;0;0.0;2.0;0.0;19.0;A01
201400057241;0;1;0;0.0;2.0;1.0;1.0;A01
201400057243;0;1;0;0.0;1.0;1.0;1.0;A01
201400057248;0;1;0;0.0;2.0;4.0;2.0;A01
201400057251;0;1;0;1.0;2.0;1.0;1.0;B01
201400057281;0;1;0;0.0;2.0;1.0;1.0;B01
201400057288;0;1;0;0.0;2.0;4.0;1.0;B01
201400057314;0;1;0;1.0;0.0;0.0;1.0;A01
201400057319;0;1;0;0.0;2.0;4.0;1.0;B01
201400057349;0;1;0;0.0;2.0;7.0;19.0;B01
201400057349;0;1;0;0.0;2.0;1.0;1.0;A01
201400057352;0;1;0;0.0;2.0;1.0;19.0;A01
201400057356;0;1;0;8.0;0.0;1.0;14.0;A01
201400057358;0;1;0;12.0;2.0;8.0;1.0;B01
201400057385;0;1;0;0.0;2.0;1.0;1.0;B01
201400057388;0;1;0;0.0;2.0;7.0;1.0;A01
201400057402;0;1;0;0.0;2.0;6.0;19.0;A01
201400057415;0;1;0;0.0;2.0;8.0;19.0;B01
201400057418;0;1;0;0.0;2.0;1.0;1.0;B01
201400057421;0;1;0;0.0;2.0;4.0;19.0;B01
201400057426;0;1;0;0.0;1.0;8.0;1.0;A01
201400057429;0;1;0;0.0;1.0;1.0;7.0;A01
201400057433;0;1;0;0.0;2.0;1.0;5.0;A01
201400057447;0;1;0;0.0;2.0;0.0;1.0;A01
201400057497;0;1;0;0.0;2.0;1.0;1.0;B01
201400057550;0;1;0;0.0;2.0;3.0;1.0;B01
201400057573;0;1;0;0.0;2.0;1.0;0.0;B01
201400057606;0;1;0;0.0;1.0;2.0;1.0;A01
201400057613;0;1;0;0.0;0.0;0.0;1.0;A01
201400057621;0;1;0;0.0;2.0;8.0;15.0;B01
201400057628;0;1;0;0.0;2.0;1.0;1.0;A01
201400057648;0;1;0;0.0;2.0;1.0;1.0;B01
201400057650;0;1;0;0.0;1.0;0.0;1.0;A01
201400058210;0;1;0;0.0;2.0;1.0;5.0;B02
201400058240;0;1;0;0.0;2.0;1.0;1.0;B02
201400058293;0;1;0;0.0;2.0;1.0;13.0;B02
201400058307;0;1;0;0.0;2.0;3.0;19.0;B02
201400058349;0;1;0;0.0;2.0;1.0;1.0;B02
201400058358;0;1;0;0.0;2.0;1.0;0.0;B02
201400058373;0;1;0;0.0;0.0;1.0;1.0;A01
201400058375;0;1;0;0.0;2.0;4.0;3.0;B02
201400058398;0;1;0;0.0;2.0;4.0;2.0;B02
201400058412;0;1;0;0.0;2.0;6.0;2.0;A01
201400058425;0;1;0;0.0;2.0;5.0;1.0;B02
201400058426;0;1;0;0.0;2.0;6.0;16.0;B02
201400058431;0;1;0;0.0;0.0;0.0;1.0;A01
201400058465;0;1;0;6.0;0.0;0.0;1.0;A01
201400058467;0;1;0;0.0;2.0;4.0;2.0;B02
201400058471;0;1;0;0.0;2.0;1.0;14.0;B02
201400058473;0;1;0;0.0;2.0;1.0;1.0;B02
201400058473;0;1;0;0.0;2.0;1.0;1.0;C03
201400058484;0;1;0;0.0;2.0;8.0;19.0;A01
201400058491;0;1;0;0.0;2.0;3.0;21.0;B02
201400058507;0;1;0;0.0;2.0;1.0;1.0;B02
201400058528;0;1;0;3.0;0.0;0.0;14.0;A01
201400058533;0;1;0;0.0;2.0;1.0;1.0;A01
201400058574;0;1;0;0.0;1.0;1.0;1.0;A01
201400058614;0;1;0;0.0;0.0;8.0;0.0;B02
201400058618;0;1;0;0.0;0.0;7.0;19.0;B02
201400058627;0;1;0;0.0;2.0;8.0;15.0;B02
201400058630;0;1;0;0.0;2.0;1.0;1.0;B02
201400058630;0;1;0;0.0;2.0;1.0;1.0;C03
201400058642;0;1;0;0.0;2.0;7.0;24.0;B02
201400058655;0;1;0;0.0;2.0;1.0;5.0;B02
201400058660;0;1;0;0.0;2.0;4.0;1.0;B02
201400058680;0;1;0;0.0;2.0;6.0;1.0;B02
201400058715;0;1;0;11.0;2.0;7.0;6.0;A01
201400058791;0;1;0;0.0;2.0;0.0;16.0;A01
201400058802;0;1;0;0.0;2.0;1.0;2.0;B01
201400058808;0;1;0;0.0;2.0;1.0;19.0;B01
201400058809;0;1;0;0.0;2.0;8.0;2.0;B01
201400058834;0;1;0;0.0;2.0;1.0;16.0;A01
201400058840;0;1;0;0.0;2.0;0.0;0.0;B01
201400058841;0;1;0;0.0;2.0;1.0;0.0;A01
201400058844;0;1;0;0.0;2.0;4.0;0.0;B01
201400058897;0;1;0;0.0;2.0;7.0;0.0;B01
201400058902;0;1;0;0.0;0.0;8.0;1.0;B01
201400058907;0;1;0;0.0;2.0;1.0;1.0;B01
201400058931;0;1;0;0.0;2.0;1.0;23.0;B01
201400058943;0;1;0;0.0;2.0;1.0;5.0;A01
201400058986;0;1;0;0.0;2.0;1.0;2.0;A01
201400059019;0;1;0;0.0;2.0;1.0;1.0;B01
201400059091;0;1;0;0.0;2.0;1.0;1.0;A01
201400059117;0;1;0;0.0;2.0;1.0;5.0;B01
201400059165;0;1;0;0.0;2.0;7.0;2.0;B01
201400059168;0;1;0;0.0;2.0;1.0;1.0;A01
201400059173;0;1;0;0.0;2.0;1.0;1.0;B01
201400059174;0;1;0;0.0;2.0;8.0;2.0;Y01
201400059177;0;1;0;0.0;2.0;0.0;5.0;A01
201400059179;0;1;0;0.0;2.0;1.0;1.0;B01
201400059184;0;1;0;0.0;2.0;1.0;1.0;A01
201400059191;0;1;0;0.0;2.0;8.0;19.0;A01
201400059195;0;1;0;0.0;2.0;1.0;5.0;B01
201400059202;0;1;0;0.0;0.0;4.0;0.0;B01
201400059221;0;1;0;0.0;2.0;1.0;1.0;B01
201400059224;0;1;0;0.0;2.0;1.0;1.0;B01
201400059228;0;1;0;0.0;2.0;7.0;1.0;B01
201400059230;0;1;0;0.0;2.0;1.0;5.0;A01
201400059236;0;1;0;1.0;2.0;1.0;2.0;B01
201400059252;0;1;0;0.0;0.0;1.0;10.0;A01
201400059255;0;1;0;0.0;2.0;8.0;0.0;A01
201400059269;0;1;0;12.0;2.0;8.0;1.0;B01
201400059279;0;1;0;0.0;2.0;1.0;13.0;B01
201400059282;2;1;0;0.0;2.0;6.0;0.0;Z01
201400059310;0;1;0;0.0;0.0;8.0;1.0;B01
201400059311;0;1;0;0.0;0.0;4.0;2.0;B01
201400059321;0;1;0;0.0;2.0;8.0;0.0;B01
201400059324;0;1;0;0.0;9.0;0.0;0.0;B01
201400059352;0;1;0;0.0;2.0;4.0;1.0;B01
201400059359;0;1;0;0.0;2.0;1.0;5.0;A01
201400059377;0;1;0;0.0;2.0;0.0;1.0;B01
201400059381;0;1;0;0.0;2.0;1.0;1.0;B01
201400059386;0;1;0;0.0;2.0;4.0;2.0;B01
201400059387;0;1;0;0.0;2.0;4.0;5.0;A01
201400059388;0;1;0;0.0;2.0;1.0;2.0;B01
201400059389;0;1;0;0.0;2.0;1.0;1.0;B01
201400059391;0;1;0;0.0;2.0;4.0;2.0;B01
201400059394;0;1;0;0.0;2.0;3.0;2.0;A01
201400059398;0;1;0;0.0;2.0;3.0;1.0;B01
201400059413;0;1;0;0.0;2.0;3.0;1.0;B01
201400059426;0;1;0;0.0;2.0;4.0;2.0;B01
201400059430;0;1;0;0.0;2.0;7.0;0.0;B01
201400059432;0;1;0;0.0;2.0;1.0;1.0;A01
201400059433;0;1;0;0.0;2.0;4.0;2.0;A01
201400059438;0;1;0;0.0;2.0;4.0;0.0;B01
201400059440;0;1;0;0.0;2.0;3.0;0.0;B01
201400059448;0;1;0;0.0;2.0;3.0;0.0;B01
201400059459;0;1;0;0.0;2.0;1.0;1.0;B01
201400059478;0;1;0;0.0;2.0;0.0;0.0;B01
201400059500;0;1;0;0.0;2.0;0.0;0.0;B01
201400059502;0;1;0;0.0;2.0;0.0;13.0;B01
201400059503;0;1;0;0.0;2.0;1.0;0.0;B01
201400059504;0;1;0;0.0;2.0;0.0;1.0;B01
201400059506;0;1;0;0.0;2.0;1.0;0.0;B01
201400059516;0;1;0;0.0;2.0;4.0;1.0;B01
201400059539;0;1;0;0.0;2.0;1.0;2.0;A01
201400059564;0;1;0;0.0;2.0;1.0;1.0;B01
201400059569;0;1;0;0.0;2.0;1.0;1.0;B01
201400059580;0;1;0;0.0;2.0;1.0;1.0;Y01
201400059581;0;1;0;0.0;2.0;8.0;1.0;B01
201400059590;0;1;0;0.0;2.0;5.0;3.0;A01
201400059609;0;1;0;0.0;2.0;4.0;16.0;B01
201400059631;0;1;0;0.0;2.0;8.0;1.0;B01
201400059632;0;1;0;0.0;2.0;1.0;1.0;B01
201400059643;0;1;0;0.0;2.0;1.0;18.0;B01
201400059645;0;1;0;0.0;2.0;4.0;1.0;B01
201400059655;0;1;0;0.0;2.0;1.0;1.0;B01
201400059662;0;1;0;0.0;2.0;1.0;2.0;B01
201400059690;0;1;0;0.0;1.0;1.0;1.0;A01
201400059697;0;1;0;0.0;2.0;1.0;17.0;B01
201400059711;0;1;0;0.0;2.0;4.0;19.0;A01
201400059714;0;1;0;0.0;0.0;0.0;14.0;A01
201400059716;0;1;0;0.0;0.0;0.0;1.0;A01
201400059724;0;1;0;0.0;1.0;1.0;1.0;A01
201400059727;0;1;0;0.0;2.0;1.0;17.0;B01
201400059753;0;1;0;0.0;2.0;1.0;16.0;A01
201400059761;1;1;0;0.0;2.0;1.0;13.0;B01
201400059763;0;1;0;0.0;2.0;7.0;1.0;B01
201400059767;0;1;0;0.0;2.0;1.0;21.0;A01
201400059811;0;1;0;0.0;2.0;1.0;17.0;B01
201400059845;0;1;0;0.0;2.0;4.0;2.0;B01
201400059849;0;1;0;0.0;2.0;0.0;19.0;B01